-- phpMyAdmin SQL Dump
-- version 4.5.1
-- http://www.phpmyadmin.net
--
-- Host: 127.0.0.1
-- Generation Time: 2018-03-03 05:55:54
-- 服务器版本： 10.1.19-MariaDB
-- PHP Version: 5.6.28

SET SQL_MODE = "NO_AUTO_VALUE_ON_ZERO";
SET time_zone = "+00:00";


/*!40101 SET @OLD_CHARACTER_SET_CLIENT=@@CHARACTER_SET_CLIENT */;
/*!40101 SET @OLD_CHARACTER_SET_RESULTS=@@CHARACTER_SET_RESULTS */;
/*!40101 SET @OLD_COLLATION_CONNECTION=@@COLLATION_CONNECTION */;
/*!40101 SET NAMES utf8mb4 */;

--
-- Database: `ca`
--

-- --------------------------------------------------------

--
-- 表的结构 `ca_index_carousel`
--

CREATE TABLE `ca_index_carousel` (
  `cid` int(11) NOT NULL,
  `img` varchar(128) DEFAULT NULL,
  `title` varchar(64) DEFAULT NULL,
  `href` varchar(128) DEFAULT NULL
) ENGINE=InnoDB DEFAULT CHARSET=utf8;

--
-- 转存表中的数据 `ca_index_carousel`
--

INSERT INTO `ca_index_carousel` (`cid`, `img`, `title`, `href`) VALUES
(1, 'lunbo_img/1.jpg', '轮播广告商品1', 'product-details.html?lid=28'),
(2, 'lunbo_img/2.jpg', '轮播广告商品2', 'product-details.html?lid=19'),
(3, 'lunbo_img/3.jpg', '轮播广告商品3', 'lookforward.html'),
(4, 'lunbo_img/4.jpg', '轮播广告商品4', 'lookforward.html');

-- --------------------------------------------------------

--
-- 表的结构 `ca_index_product`
--

CREATE TABLE `ca_index_product` (
  `pid` int(11) NOT NULL,
  `title` varchar(64) DEFAULT NULL,
  `details` varchar(128) DEFAULT NULL,
  `pic` varchar(128) DEFAULT NULL,
  `price` decimal(10,2) DEFAULT NULL,
  `href` varchar(128) DEFAULT NULL,
  `seq_recommended` tinyint(4) DEFAULT NULL,
  `seq_new_arrival` tinyint(4) DEFAULT NULL,
  `seq_top_sale` tinyint(4) DEFAULT NULL
) ENGINE=InnoDB DEFAULT CHARSET=utf8;

--
-- 转存表中的数据 `ca_index_product`
--

INSERT INTO `ca_index_product` (`pid`, `title`, `details`, `pic`, `price`, `href`, `seq_recommended`, `seq_new_arrival`, `seq_top_sale`) VALUES
(1, 'Apple MacBook Air系列', '酷睿双核i5处理器|256GB SSD|8GB内存|英特尔HD显卡620含共享显卡内存', 'img/index/study_computer_img1.png', '6988.00', 'product-details.html?lid=1', 1, 6, 0),
(2, '小米Air 金属超轻薄', '酷睿双核i5处理器|512GB SSD|2GB内存|英特尔HD独立显卡', 'img/index/study_computer_img2.png', '3488.00', 'product-details.html?lid=5', 2, 0, 5),
(3, '联想E480C 轻薄系列', '酷睿双核i7处理器|256GB SSD|4GB内存|英特尔HD显卡680M', 'img/index/study_computer_img3.png', '5399.00', 'product-details.html?lid=9', 3, 5, 4),
(4, '华硕RX310 金属超极本', '酷睿双核i5处理器|512GB SSD|4GB内存|英特尔HD游戏级显卡', 'img/index/study_computer_img4.png', '4966.00', 'product-details.html?lid=13', 4, 4, 3),
(5, '联想小新700 电竞版游戏本', '酷睿双核i7处理器|1TGB SSD|8GB内存|英特尔HD显卡620含共享显卡内存', 'img/index/study_computer_img5.png', '6299.00', 'product-details.html?lid=17', 5, 2, 5),
(6, '戴尔灵越燃7000 轻薄窄边', '酷睿双核i5处理器|512GB SSD|2GB内存|英特尔HD显卡', 'img/index/study_computer_img3.png', '5199.00', 'product-details.html?lid=19', 6, 3, 2),
(7, '神州战神Z7M 高性价比游戏本', '酷睿双核i7处理器|1TGB SSD|8GB内存|英特尔HD游戏机独立显卡', 'img/index/study_computer_img4.png', '5799.00', 'product-details.html?lid=38', 0, 1, 6);

-- --------------------------------------------------------

--
-- 表的结构 `ca_laptop`
--

CREATE TABLE `ca_laptop` (
  `lid` int(11) NOT NULL,
  `fid` int(11) DEFAULT NULL,
  `title` varchar(128) DEFAULT NULL,
  `subtitle` varchar(128) DEFAULT NULL,
  `price` decimal(10,2) DEFAULT NULL,
  `promise` varchar(64) DEFAULT NULL,
  `spec` varchar(64) DEFAULT NULL,
  `lname` varchar(32) DEFAULT NULL,
  `os` varchar(32) DEFAULT NULL,
  `memory` varchar(32) DEFAULT NULL,
  `resolution` varchar(32) DEFAULT NULL,
  `video_card` varchar(32) DEFAULT NULL,
  `cpu` varchar(32) DEFAULT NULL,
  `video_memory` varchar(32) DEFAULT NULL,
  `category` varchar(32) DEFAULT NULL,
  `disk` varchar(32) DEFAULT NULL,
  `details` varchar(1024) DEFAULT NULL,
  `shelf_time` bigint(20) DEFAULT NULL,
  `sold_count` int(11) DEFAULT NULL,
  `is_onsale` tinyint(1) DEFAULT NULL,
  `seller_img` varchar(128) DEFAULT NULL,
  `product_code` varchar(128) NOT NULL,
  `discount` decimal(3,1) NOT NULL,
  `discount_price` decimal(10,2) NOT NULL,
  `seller` varchar(32) NOT NULL
) ENGINE=InnoDB DEFAULT CHARSET=utf8;

--
-- 转存表中的数据 `ca_laptop`
--

INSERT INTO `ca_laptop` (`lid`, `fid`, `title`, `subtitle`, `price`, `promise`, `spec`, `lname`, `os`, `memory`, `resolution`, `video_card`, `cpu`, `video_memory`, `category`, `disk`, `details`, `shelf_time`, `sold_count`, `is_onsale`, `seller_img`, `product_code`, `discount`, `discount_price`, `seller`) VALUES
(1, 1, 'Apple MacBook Air 13.3英寸笔记本 银色(Core i5 处理器/8GB内存/128GB SSD闪存 MMGF2CH/A)集成显卡', '5月焕新季，领券买新机！神券满6000减600！一体成型金属机身，纤薄轻巧，长达12小时续航', '6988.00', '*退货补运费 *30天无忧退货 *48小时快速退款 *72小时发货', '双核i5/8GB内存/128GB闪存', 'AppleMacBook Air', 'MacOS', '8G', '1920*1080', '集成显卡', 'Intel i5低功耗版', '其它', '轻薄本', '128G固态', '<div class="content_tpl"> <div class="formwork">   <div class="formwork_img"><br></div><div class="formwork_img">    <img alt="" class="" src="img/product/detail/57b15612N81dc489d.jpg">   </div>  </div>  <div class="formwork">   <div class="formwork_img">    <img alt="" class="" src="//img20.360buyimg.com/vc/jfs/t2683/60/4222930118/169462/233c7678/57b15616N1e285f09.jpg">   </div>  </div>  <div class="formwork">   <div class="formwork_text">    技术规格请前往 www.apple.com/cn/macbook-air/specs.html 查看完整内容。</div></div></div>', 150123456789, 2968, 1, 'pinpai_img/Apple.png', 'AppleMJLT2CH', '9.0', '6289.00', '苹果笔记本专卖店'),
(2, 1, 'Apple MacBook Air 13.3英寸笔记本 银色(Core i5 处理器/8GB内存/256GB SSD闪存 MMGG2CH/A)集成显卡', '5月焕新季，领券买新机！神券满8000减800！一体成型金属机身，纤薄轻巧，长达12小时续航', '8268.00', '*退货补运费 *30天无忧退货 *48小时快速退款 *72小时发货', '双核i5/8GB内存/256GB闪存', 'AppleMacBook Air', 'MacOS', '8G', '1920*1080', '集成显卡', 'Intel i5低功耗版', '其它', '轻薄本', '256G固态', '<div class="content_tpl"> <div class="formwork">   <div class="formwork_img"><br></div><div class="formwork_img">    <img alt="" class="" src="img/product/detail/57b15612N81dc489d.jpg">   </div>  </div>  <div class="formwork">   <div class="formwork_img">    <img alt="" class="" src="//img20.360buyimg.com/vc/jfs/t2683/60/4222930118/169462/233c7678/57b15616N1e285f09.jpg">   </div>  </div>  <div class="formwork">   <div class="formwork_text">    技术规格请前往 www.apple.com/cn/macbook-air/specs.html 查看完整内容。</div></div></div>', 150223456789, 1922, 0, 'pinpai_img/Apple.png', 'AppleMJLT2CH', '9.0', '7441.00', '苹果笔记本专卖店'),
(3, 1, 'Apple MacBook Air 13.3英寸笔记本电脑 银色(Core i7 处理器/8GB内存/128GB SSD闪存 Z0TA0002L)集成显卡', 'i7处理器在此！依旧纤薄轻盈，续航持久，能胜任更多高强度工作，办公利器！', '7488.00', '*退货补运费 *30天无忧退货 *48小时快速退款 *72小时发货', '定制款：双核i7/8G内存/128G闪存', 'AppleMacBook Air', 'MacOS', '8G', '1920*1080', '集成显卡', 'Intel i7低功耗版', '其它', '轻薄本', '128G固态', '<div class="content_tpl"><div class="formwork"><div class="formwork_img"><img class="" src="//img20.360buyimg.com/vc/jfs/t3034/151/748569500/226790/d6cd86a2/57b15612N81dc489d.jpg"></div></div><div class="formwork"><div class="formwork_img"><img class="" src="//img20.360buyimg.com/vc/jfs/t2683/60/4222930118/169462/233c7678/57b15616N1e285f09.jpg"></div></div><div class="formwork"><div class="formwork_text">技术规格 请前往 www.apple.com/cn/macbook-air/specs.html 查看完整内容。</div></div></div>', 150323456789, 733, 0, 'pinpai_img/Apple.png', 'AppleMJLT2CH', '9.0', '6739.00', '苹果笔记本专卖店'),
(4, 1, 'Apple MacBook Air 13.3英寸笔记本电脑 银色(Core i7 处理器/8GB内存/256GB SSD闪存 Z0TA0002L)集成显卡', 'i7处理器在此！依旧纤薄轻盈，续航持久，能胜任更多高强度工作，办公利器！', '7888.00', '*退货补运费 *30天无忧退货 *48小时快速退款 *72小时发货', '定制款：双核i7/8G内存/256G闪存', 'AppleMacBook Air', 'MacOS', '8G', '1920*1080', '集成显卡', 'Intel i7低功耗版', '其它', '轻薄本', '256G固态', '<div class="content_tpl"><div class="formwork"><div class="formwork_img"><img class="" src="//img20.360buyimg.com/vc/jfs/t3034/151/748569500/226790/d6cd86a2/57b15612N81dc489d.jpg"></div></div><div class="formwork"><div class="formwork_img"><img class="" src="//img20.360buyimg.com/vc/jfs/t2683/60/4222930118/169462/233c7678/57b15616N1e285f09.jpg"></div></div><div class="formwork"><div class="formwork_text">技术规格 请前往 www.apple.com/cn/macbook-air/specs.html 查看完整内容。</div></div></div>', 150323456789, 105, 0, 'pinpai_img/Apple.png', 'AppleMJLT2CH', '9.0', '7099.00', '苹果笔记本专卖店'),
(5, 2, '小米(MI)Air 13.3英寸全金属超轻薄笔记本(i5-6200U 8G 256G PCIE固态 940MX独显 FHD WIN10)银', '【i5 独立显卡】全高清窄边框 8G内存 256G固态硬盘 支持SSD硬盘扩容 薄至14.8mm 轻至1.28kg！AKG扬声器！', '4999.00', '*退货补运费 *30天无忧退货 *48小时快速退款 *72小时发货', '【13.3英寸】I5-6200U 8G 256G', '小米Air', 'Windows 10', '8G', '全高清屏(1920*1080)', '入门级游戏独立显卡', 'Intel i5低功耗版', '1G', '轻薄本', '256G固态', '<div class="content_tpl"><div class="formwork"><div class="formwork_img"><img class="" src="img/product/detail/5886e317Nbc52a580.jpg"></div></div><div class="formwork"><div class="formwork_img"><img class="" src="img/product/detail/586f747eNfdc5f737.jpg"></div></div><div class="formwork"><div class="formwork_img"><img class="" src="img/product/detail/586f7483N695168a2.jpg"></div></div><div class="formwork"><div class="formwork_img"><img class="" src="img/product/detail/586f7486Nf809b915.jpg"></div></div><div class="formwork"><div class="formwork_img"><img class="" src="img/product/detail/586f748bN28dbcbb2.jpg"></div></div><div class="formwork"><div class="formwork_img"><img class="" src="img/product/detail/586f748fNd2861229.jpg"></div></div><div class="formwork"><div class="formwork_img"><img class="" src="img/product/detail/586f7493N5a3758af.jpg"></div></div><div class="formwork"><div class="formwork_img"><img class="" src="img/product/detail/586f7497N20aac53e.jpg"></div></div><div class="formwork"><div clas', 154123456789, 1527, 1, 'pinpai_img/xiaomi.png', 'AppleMJLT2CH', '9.0', '4499.00', '小米专卖店'),
(6, 2, '小米(MI)Air 12.5英寸全金属超轻薄笔记本(Core M-7Y30 4G 128G固态硬盘 全高清屏 背光键盘 Win10)银', '【FHD窄边框】第七代处理器 128G SSD支持M.2接口SSD硬盘扩容 薄至12.9mm 轻至1.07kg！AKG扬声器！', '3599.00', '*退货补运费 *30天无忧退货 *48小时快速退款 *72小时发货', '【12.5银色】 M-7Y30 4G 128G', '小米Air', 'Windows 10', '4G', '全高清屏(1920*1080)', '集成显卡', 'Intel CoreM', '其它', '轻薄本', '128G固态', '<div class="content_tpl"><div class="formwork"><div class="formwork_img"><img class="" src="img/product/detail/5886e317Nbc52a580.jpg"></div></div><div class="formwork"><div class="formwork_img"><img class="" src="img/product/detail/586f747eNfdc5f737.jpg"></div></div><div class="formwork"><div class="formwork_img"><img class="" src="img/product/detail/586f7483N695168a2.jpg"></div></div><div class="formwork"><div class="formwork_img"><img class="" src="img/product/detail/586f7486Nf809b915.jpg"></div></div><div class="formwork"><div class="formwork_img"><img class="" src="img/product/detail/586f748bN28dbcbb2.jpg"></div></div><div class="formwork"><div class="formwork_img"><img class="" src="img/product/detail/586f748fNd2861229.jpg"></div></div><div class="formwork"><div class="formwork_img"><img class="" src="img/product/detail/586f7493N5a3758af.jpg"></div></div><div class="formwork"><div class="formwork_img"><img class="" src="img/product/detail/586f7497N20aac53e.jpg"></div></div><div class="formwork"><div clas', 153123456789, 115, 0, 'pinpai_img/xiaomi.png', 'AppleMJLT2CH', '9.0', '3239.00', '小米专卖店'),
(7, 2, '小米(MI)Air 12.5英寸全金属超轻薄笔记本(Core M-7Y30 4G 128G固态硬盘 全高清屏 背光键盘 Win10)金 集成显卡', '【FHD窄边框】第七代处理器 128G SSD支持M.2接口SSD硬盘扩容 薄至12.9mm 轻至1.07kg！AKG扬声器！', '3599.00', '*退货补运费 *30天无忧退货 *48小时快速退款 *72小时发货', '【12.5金色】 M-7Y30 4G 128G', '小米Air', 'Windows 10', '4G', '全高清屏(1920*1080)', '集成显卡', 'Intel CoreM', '其它', '轻薄本', '128G固态', '<div class="content_tpl"><div class="formwork"><div class="formwork_img"><img class="" src="img/product/detail/5886e317Nbc52a580.jpg"></div></div><div class="formwork"><div class="formwork_img"><img class="" src="img/product/detail/586f747eNfdc5f737.jpg"></div></div><div class="formwork"><div class="formwork_img"><img class="" src="img/product/detail/586f7483N695168a2.jpg"></div></div><div class="formwork"><div class="formwork_img"><img class="" src="img/product/detail/586f7486Nf809b915.jpg"></div></div><div class="formwork"><div class="formwork_img"><img class="" src="img/product/detail/586f748bN28dbcbb2.jpg"></div></div><div class="formwork"><div class="formwork_img"><img class="" src="img/product/detail/586f748fNd2861229.jpg"></div></div><div class="formwork"><div class="formwork_img"><img class="" src="img/product/detail/586f7493N5a3758af.jpg"></div></div><div class="formwork"><div class="formwork_img"><img class="" src="img/product/detail/586f7497N20aac53e.jpg"></div></div><div class="formwork"><div clas', 156123456789, 812, 1, 'pinpai_img/xiaomi.png', 'AppleMJLT2CH', '9.0', '3239.00', '小米专卖店'),
(8, 2, '小米(MI)Air 12.5英寸全金属超轻薄笔记本(Core M-6Y30 4G 128G SSD固态硬盘 全高清屏 WIN10) 银 集成显卡', '【FHD窄边框】库存紧张 128G固态硬盘 支持M.2接口SSD硬盘扩容 薄至12.9mm 轻至1.07kg！', '3499.00', ' *退货补运费 *30天无忧退货 *48小时快速退款 *72小时发货', '【12.5英寸】M-6Y30 4G 128G', '小米Air', 'Windows 10', '4G', '全高清屏(1920*1080)', '集成显卡', 'Intel CoreM', '其它', '轻薄本', '128G固态', '<div class="content_tpl"><div class="formwork"><div class="formwork_img"><img class="" src="img/product/detail/5886e317Nbc52a580.jpg"></div></div><div class="formwork"><div class="formwork_img"><img class="" src="img/product/detail/586f747eNfdc5f737.jpg"></div></div><div class="formwork"><div class="formwork_img"><img class="" src="img/product/detail/586f7483N695168a2.jpg"></div></div><div class="formwork"><div class="formwork_img"><img class="" src="img/product/detail/586f7486Nf809b915.jpg"></div></div><div class="formwork"><div class="formwork_img"><img class="" src="img/product/detail/586f748bN28dbcbb2.jpg"></div></div><div class="formwork"><div class="formwork_img"><img class="" src="img/product/detail/586f748fNd2861229.jpg"></div></div><div class="formwork"><div class="formwork_img"><img class="" src="img/product/detail/586f7493N5a3758af.jpg"></div></div><div class="formwork"><div class="formwork_img"><img class="" src="img/product/detail/586f7497N20aac53e.jpg"></div></div><div class="formwork"><div clas', 157123456789, 1081, 0, 'pinpai_img/xiaomi.png', 'AppleMJLT2CH', '9.0', '3149.00', '小米专卖店'),
(9, 3, '联想(ThinkPad)轻薄系列E480c(20H3A00GCD)14英寸笔记本(i3-6006U 4G 500G 2G独显 Win10)黑色', '2017年经典款新！精致小黑！22.3mm轻薄体验，180度开合灵活耐用，高效稳健办公最长可达5小时！', '3499.00', ' *退货补运费 *30天无忧退货 *48小时快速退款', '【E480C-2017新】i3 4G 500G独显', 'ThinkPadE480c', 'Windows10', '4G', '标准屏(1366×768)', '入门级游戏独立显卡', 'Intel i3', '2G', '常规笔记本', '500G', '<div class="content_tpl"><div class="formwork"><div class="formwork_img"><img class="" src="img/product/detail/58745160N7de01df6.jpg"></div></div></div>', 150423456789, 1461, 1, 'pinpai_img/lianxiang.png', '', '9.0', '3149.00', '联想笔记本专卖店'),
(10, 3, '联想(ThinkPad)轻薄系列E480c(20H3A000CD)14英寸笔记本(i5-6200U 4G 500G 2G独显 Win10)黑色', '2017年经典款新！精致小黑！22.3mm轻薄体验，180度开合灵活耐用，高效稳健办公最长可达5小时！', '4499.00', ' *退货补运费 *30天无忧退货 *48小时快速退款', '【E480C-2017新】i5 4G 500G', 'ThinkPadE480c', 'Windows10', '4G', '标准屏(1366×768)', '入门级游戏独立显卡', 'Intel i5低功耗版', '2G', '常规笔记本', '500G', '<div class="content_tpl"><div class="formwork"><div class="formwork_img"><img class="" src="img/product/detail/58745160N7de01df6.jpg"></div></div></div>', 151423456789, 733, 0, 'pinpai_img/lianxiang.png', '', '9.0', '4049.00', '联想笔记本专卖店'),
(11, 3, '联想(ThinkPad)轻薄系列E480c(20H3A002CD)14英寸笔记本(i5-6200U 4G 256G SSD 2G独显 Win10)黑色', '2017年经典款新！精致小黑！22.3mm轻薄体验，180度开合灵活耐用，高效稳健办公最长可达5小时！', '5399.00', ' *退货补运费 *30天无忧退货 *48小时快速退款', '【E480C-2017新】i5 4G 256GSSD', 'ThinkPadE480c', 'Windows10', '4G', '标准屏(1366×768)', '入门级游戏独立显卡', 'Intel i5低功耗版', '2G', '常规笔记本', '256G固态', '<div class="content_tpl"><div class="formwork"><div class="formwork_img"><img class="" src="img/product/detail/58745160N7de01df6.jpg"></div></div></div>', 152423456789, 913, 1, 'pinpai_img/lianxiang.png', '', '9.0', '4859.00', '联想笔记本专卖店'),
(12, 3, '联想(ThinkPad)轻薄系列E480c(20H3A001CD)14英寸笔记本电脑(i5-6200U 8G 256G SSD 2G独显 Win10)黑色', '2017年经典款新！精致小黑！22.3mm轻薄体验，180度开合灵活耐用，高效稳健办公最长可达5小时！', '5999.00', ' *退货补运费 *30天无忧退货 *48小时快速退款', '【E480C-2017新】i5 8G 256GSSD', 'ThinkPadE480c', 'Windows10', '8G', '标准屏(1366×768)', '入门级游戏独立显卡', 'Intel i5低功耗版', '2G', '常规笔记本', '256G固态', '<div class="content_tpl"><div class="formwork"><div class="formwork_img"><img class="" src="img/product/detail/58745160N7de01df6.jpg"></div></div></div>', 153423456789, 112, 0, 'pinpai_img/lianxiang.png', '', '9.0', '5399.00', '联想笔记本专卖店'),
(13, 4, '华硕(ASUS)13.3英寸RX310UQ金属超极本 学生 商务手提轻薄便携超薄笔记本电脑 玫瑰金 13.3英寸I3-7100U/4G/128G固态', '【铝镁合金 纯固态 轻至1.45kg 金属超极本 】双尺寸可选', '4299.00', ' *退货补运费 *30天无忧退货 *48小时快速退款 *72小时发货', '13.3英寸I3-7100U/4G/128G固态', '华硕(ASUS)13.3英寸RX310UQ金属超极本 学生 商务', 'Windows 10', '8G', '全高清屏(1920×1080)', '高性能游戏独立显卡', 'Intel i5低功耗版', '2G', '轻薄本', '128G固态', '<div class="content_tpl"><div class="formwork"><div class="formwork_img"><img class="" src="img/product/detail/59190fe7N6a9fb112.jpg"><img class="" src="img/product/detail/58d0bfceNc0694135.jpg"><img class="" src="img/product/detail/59143b58N0f24f48d.jpg"><img class="" src="img/product/detail/58f9de03Nd67611dc.jpg"><img class="" src="img/product/detail/58d0bfcbNc96d061c.jpg"><img class="" src="img/product/detail/58d0bfd1Nea212a7a.jpg"></div></div></div>', 151123456789, 1197, 1, 'pinpai_img/huashuo.png', 'AppleMJLT2CH', '9.0', '3869.00', '华硕笔记本专卖店'),
(14, 4, '华硕(ASUS)13.3英寸RX310UQ金属超极本 学生 商务手提轻薄便携超薄笔记本电脑 玫瑰金 13.3英寸I5/4G/128G固态', '【铝镁合金 纯固态 轻至1.45kg 金属超极本 】双尺寸可选', '4999.00', ' *退货补运费 *30天无忧退货 *48小时快速退款 *72小时发货', '13.3英寸I5/4G/128G固态', '华硕(ASUS)13.3英寸RX310UQ金属超极本 学生 商务', 'Windows 10', '8G', '全高清屏(1920×1080)', '高性能游戏独立显卡', 'Intel i5低功耗版', '2G', '轻薄本', '128G固态', '<div class="content_tpl"><div class="formwork"><div class="formwork_img"><img class="" src="img/product/detail/59190fe7N6a9fb112.jpg"><img class="" src="img/product/detail/58d0bfceNc0694135.jpg"><img class="" src="img/product/detail/59143b58N0f24f48d.jpg"><img class="" src="img/product/detail/58f9de03Nd67611dc.jpg"><img class="" src="img/product/detail/58d0bfcbNc96d061c.jpg"><img class="" src="img/product/detail/58d0bfd1Nea212a7a.jpg"></div></div></div>', 152123456789, 137, 0, 'pinpai_img/huashuo.png', 'AppleMJLT2CH', '9.0', '4499.00', '华硕笔记本专卖店'),
(15, 4, '华硕(ASUS)13.3英寸RX310UQ金属超极本 学生 商务手提轻薄便携超薄笔记本电脑 玫瑰金 13.3英寸I5/4G/256G/2G独显', '【铝镁合金 纯固态 轻至1.45kg 金属超极本 】双尺寸可选', '5499.00', ' *退货补运费 *30天无忧退货 *48小时快速退款 *72小时发货', '13.3英寸I5/4G/256G/2G独显', '华硕(ASUS)13.3英寸RX310UQ金属超极本 学生 商务', 'Windows 10', '4G', '全高清屏(1920×1080)', '高性能游戏独立显卡', 'Intel i5低功耗版', '2G', '轻薄本', '128G固态', '<div class="content_tpl"><div class="formwork"><div class="formwork_img"><img class="" src="img/product/detail/59190fe7N6a9fb112.jpg"><img class="" src="img/product/detail/58d0bfceNc0694135.jpg"><img class="" src="img/product/detail/59143b58N0f24f48d.jpg"><img class="" src="img/product/detail/58f9de03Nd67611dc.jpg"><img class="" src="img/product/detail/58d0bfcbNc96d061c.jpg"><img class="" src="img/product/detail/58d0bfd1Nea212a7a.jpg"></div></div></div>', 153123456789, 21, 0, 'pinpai_img/huashuo.png', 'AppleMJLT2CH', '9.0', '4949.00', '华硕笔记本专卖店'),
(16, 4, '华硕(ASUS)13.3英寸RX310UQ金属超极本 学生 商务手提轻薄便携超薄笔记本电脑 玫瑰金 13.3英寸I5/8G/256G/2G独显', '【铝镁合金 纯固态 轻至1.45kg 金属超极本 】双尺寸可选', '5699.00', ' *退货补运费 *30天无忧退货 *48小时快速退款 *72小时发货', '13.3英寸I5/8G/256G/2G独显', '华硕(ASUS)13.3英寸RX310UQ金属超极本 学生 商务', 'Windows 10', '8G', '全高清屏(1920×1080)', '高性能游戏独立显卡', 'Intel i5低功耗版', '2G', '轻薄本', '128G固态', '<div class="content_tpl"><div class="formwork"><div class="formwork_img"><img class="" src="img/product/detail/59190fe7N6a9fb112.jpg"><img class="" src="img/product/detail/58d0bfceNc0694135.jpg"><img class="" src="img/product/detail/59143b58N0f24f48d.jpg"><img class="" src="img/product/detail/58f9de03Nd67611dc.jpg"><img class="" src="img/product/detail/58d0bfcbNc96d061c.jpg"><img class="" src="img/product/detail/58d0bfd1Nea212a7a.jpg"></div></div></div>', 152423456789, 981, 0, 'pinpai_img/huashuo.png', 'AppleMJLT2CH', '9.0', '5129.00', '华硕笔记本专卖店'),
(17, 5, '联想(Lenovo)小新700电竞版 15.6英寸游戏笔记本电脑(i5-6300HQ 8G 500G+128G SSD GTX950M 4G IPS)黑', '【小新家族2017闪耀换新！晒单得E卡！12期免息！】小新700电竞版！经典之选', '5199.00', ' *退货补运费 *30天无忧退货 *48小时快速退款 *72小时发货', '小新700【i5 双硬盘 GTX950M】', '联想小新700', 'Windows 10', '8G', '分辨率：全高清屏(1920×1080)', 'GTX950M', 'Intel i5标准电压版', '4G', '游戏本', '128G+500G', '<div class="content_tpl"><div class="formwork"><div class="formwork_img"><img class="" src="img/product/detail/58ca2b14Nd5c09fcd.jpg"><img class="" src="img/product/detail/58ca2b28Na5a22f83.jpg"><img class="" src="img/product/detail/58ca3012Nc99ab61f.jpg"><img class="" src="img/product/detail/58ca2b51Nbf258c3b.jpg"><img class="" src="img/product/detail/58ca2b67N436e60de.jpg"></div></div></div>', 149123456789, 192, 1, 'pinpai_img/lianxiang.png', '', '9.0', '4679.00', '联想笔记本专卖店'),
(18, 5, '联想(Lenovo)小新700电竞版 15.6英寸游戏笔记本电脑(i7-6700HQ 8G 500G GTX950M 4G FHD IPS Office)黑', '【小新家族2017闪耀换新！晒单得E卡！12期免息！】小新700电竞版！经典之选', '5499.00', ' *退货补运费 *30天无忧退货 *48小时快速退款 *72小时发货', '小新700【i7 8G 500G GTX950M】', '联想小新700', 'Windows 10', '8G', '分辨率：全高清屏(1920×1080)', 'GTX950M', 'Intel i7标准电压版', '4G', '游戏本', '128G+500G', '<div class="content_tpl"><div class="formwork"><div class="formwork_img"><img class="" src="img/product/detail/58ca2b14Nd5c09fcd.jpg"><img class="" src="img/product/detail/58ca2b28Na5a22f83.jpg"><img class="" src="img/product/detail/58ca3012Nc99ab61f.jpg"><img class="" src="img/product/detail/58ca2b51Nbf258c3b.jpg"><img class="" src="img/product/detail/58ca2b67N436e60de.jpg"></div></div></div>', 151523456789, 260, 0, 'pinpai_img/lianxiang.png', '', '0.0', '4949.00', '联想笔记本专卖店'),
(19, 6, '戴尔DELL灵越燃7000 R1525S 14.0英寸轻薄窄边框笔记本电脑(i5-7200U 4G 128GSSD+500G 940MX 2G独显 FHD)银', '【轻薄微边框、燃7000】七代i5双核CPU、128GSSD+500G双硬盘、IPS全高清显示屏，动力强劲性能澎湃！', '5299.00', ' *退货补运费 *30天无忧退货 *48小时快速退款 *72小时发货', '【流光银】i5-7200u 4G 128 500G', '戴尔燃7000', 'Windows 10', '4G', '全高清屏(1920×1080)', '入门级游戏独立显卡', 'Intel i5低功耗版', '2G', '轻薄本', '128G+500G', '<div class="content_tpl"><div class="formwork"><div class="formwork_img"><img class="" src="img/product/detail/58d87221Na033954c.jpg"></div></div><div class="formwork"><div class="formwork_img"><img class="" src="img/product/detail/58e5e4b5N862f8aa1.jpg"></div></div><div class="formwork"><div class="formwork_img"><img class="" src="img/product/detail/57bfa672N20953b71.jpg"></div></div></div>', 151923456789, 911, 0, 'pinpai_img/daier.png', 'AppleMJLT2CH', '9.0', '4769.00', '戴尔笔记本专卖店'),
(20, 6, '戴尔DELL灵越燃7000 R1725G 14.0英寸轻薄窄边框笔记本电脑(i7-7500U 8G 128GSSD+1T 940MX 2G独显 FHD)金', '【轻薄微边框、燃7000】七代i7双核CPU、128GSSD+500G双硬盘、IPS全高清显示屏，动力强劲性能澎湃！', '6599.00', ' *退货补运费 *30天无忧退货 *48小时快速退款 *72小时发货', '【溢彩金】i7-7500u 8G 128 1T', '戴尔燃7000', 'Windows 10', '8G', '全高清屏(1920×1080)', '入门级游戏独立显卡', 'Intel i7低功耗版', '2G', '轻薄本', '128G+500G', '<div class="content_tpl"><div class="formwork"><div class="formwork_img"><img class="" src="img/product/detail/58d87221Na033954c.jpg"></div></div><div class="formwork"><div class="formwork_img"><img class="" src="img/product/detail/58e5e4b5N862f8aa1.jpg"></div></div><div class="formwork"><div class="formwork_img"><img class="" src="img/product/detail/57bfa672N20953b71.jpg"></div></div></div>', 150823456789, 1930, 1, 'pinpai_img/daier.png', 'AppleMJLT2CH', '9.0', '5939.00', '戴尔笔记本专卖店'),
(21, 6, '戴尔DELL灵越燃7000 R1525P 14.0英寸轻薄窄边框笔记本电脑(i5-7200U 4G 128GSSD+500G 2G独显 FHD)元気粉', '【轻薄微边框、燃7000元気粉】七代i5双核CPU、128GSSD+500G双硬盘、IPS全高清显示屏，动力强劲性能澎湃！', '5299.00', ' *退货补运费 *30天无忧退货 *48小时快速退款 *72小时发货', '【元気粉】i5-7200u 4G 128 500G', '戴尔燃7000', 'Windows 10', '4G', '全高清屏(1920×1080)', '入门级游戏独立显卡', 'Intel i5低功耗版', '2G', '轻薄本', '128G+500G', '<div class="content_tpl"><div class="formwork"><div class="formwork_img"><img class="" src="img/product/detail/58d87221Na033954c.jpg"></div></div><div class="formwork"><div class="formwork_img"><img class="" src="img/product/detail/58e5e4b5N862f8aa1.jpg"></div></div><div class="formwork"><div class="formwork_img"><img class="" src="img/product/detail/57bfa672N20953b71.jpg"></div></div></div>', 151023456789, 987, 1, 'pinpai_img/daier.png', 'AppleMJLT2CH', '9.0', '4769.00', '戴尔笔记本专卖店'),
(22, 7, '戴尔DELL灵越游匣15PR-5745B 15.6英寸游戏笔记本电脑(i7-7700HQ 8G 128GSSD+1T GTX1050 4G独显 FHD)黑', '【白条6期免息 游匣“10”力出击】七代四核CPU ,GTX1050 4G独显,FHD全高清屏,热血出击！', '6999.00', ' *退货补运费 *30天无忧退货 *48小时快速退款 *72小时发货', '宗师版 i7-7700HQ 8G GTX1050 4G', '戴尔灵越游匣15PR-5745B', 'Windows 10', '8G', '全高清屏(1920×1080)', 'GTX960M', 'Intel i7标准电压版', '4G', '游戏本', '128G+1T', '<div class="content_tpl"><div class="formwork"><div class="formwork_img"><img class="" src="img/product/detail/59003d3fNd4e6c74e.jpg"></div></div><div class="formwork"><div class="formwork_img"><img class="" src="img/product/detail/59003d49Nd9aa8623.jpg"></div></div><div class="formwork"><div class="formwork_img"><img class="" src="img/product/detail/59003d53N79717f17.jpg"></div></div><div class="formwork"><div class="formwork_img"><img class="" src="img/product/detail/59003db4N5441df2e.jpg"></div></div><div class="formwork"><div class="formwork_img"><img class="" src="img/product/detail/59003afdN7d9208b8.jpg"></div></div></div>', 148123456789, 1901, 1, 'pinpai_img/daier.png', 'AppleMJLT2CH', '9.0', '6299.00', '戴尔笔记本专卖店'),
(23, 7, '戴尔DELL灵越游匣15PR-5645SE 15.6英寸游戏笔记本电脑(i5-7300HQ 8G 128GSSD+1T GTX1050 4G独显 FHD)枪弹版', '游匣枪弹版精装上市 3D立体喷涂画面 机身更酷炫 七代四核CPU ,GTX1050 4G独显,FHD全高清屏,热血出击！', '6699.00', ' *退货补运费 *30天无忧退货 *48小时快速退款 *72小时发货', '枪弹版 i5-7300HQ 8G GTX1050 4G', '戴尔灵越游匣15PR-5645SE', 'Windows 10', '8G', '全高清屏(1920×1080)', 'GTX960M', 'Intel i5标准电压版', '4G', '游戏本', '128G+1T', '<div class="content_tpl"><div class="formwork"><div class="formwork_img"><img class="" src="img/product/detail/59003d3fNd4e6c74e.jpg"></div></div><div class="formwork"><div class="formwork_img"><img class="" src="img/product/detail/59003d49Nd9aa8623.jpg"></div></div><div class="formwork"><div class="formwork_img"><img class="" src="img/product/detail/59003d53N79717f17.jpg"></div></div><div class="formwork"><div class="formwork_img"><img class="" src="img/product/detail/59003db4N5441df2e.jpg"></div></div><div class="formwork"><div class="formwork_img"><img class="" src="img/product/detail/59003afdN7d9208b8.jpg"></div></div></div>', 153123456789, 1231, 0, 'pinpai_img/daier.png', 'AppleMJLT2CH', '9.0', '6029.00', '戴尔笔记本专卖店'),
(24, 7, '戴尔DELL灵越游匣15PR-5745SE 15.6英寸游戏笔记本电脑(i7-7700HQ 8G 128GSSD+1T GTX1050 4G独显 FHD)枪弹版', '游匣枪弹版精装上市 3D立体喷涂画面 机身更酷炫 七代四核CPU ,GTX1050 4G独显,FHD全高清屏,热血出击！', '7999.00', ' *退货补运费 *30天无忧退货 *48小时快速退款 *72小时发货', '枪弹版 i7-7700HQ 8G GTX1050 4G', '戴尔灵越游匣15PR-5645SE', 'Windows 10', '8G', '全高清屏(1920×1080)', 'GTX960M', 'Intel i7标准电压版', '4G', '游戏本', '128G+1T', '<div class="content_tpl"><div class="formwork"><div class="formwork_img"><img class="" src="img/product/detail/59003d3fNd4e6c74e.jpg"></div></div><div class="formwork"><div class="formwork_img"><img class="" src="img/product/detail/59003d49Nd9aa8623.jpg"></div></div><div class="formwork"><div class="formwork_img"><img class="" src="img/product/detail/59003d53N79717f17.jpg"></div></div><div class="formwork"><div class="formwork_img"><img class="" src="img/product/detail/59003db4N5441df2e.jpg"></div></div><div class="formwork"><div class="formwork_img"><img class="" src="img/product/detail/59003afdN7d9208b8.jpg"></div></div></div>', 1539923456789, 221, 0, 'pinpai_img/daier.png', 'AppleMJLT2CH', '9.0', '7199.00', '戴尔笔记本专卖店'),
(25, 7, '戴尔DELL灵越游匣15PR-3848B 15.6英寸游戏笔记本电脑(i7-6700HQ 4G 128GSSD+500G GTX960M 4G FHD)黑', '【强力散热保性能】 960M 4G独显 预装128SSD 双硬盘游戏更劲爽 我们比大多数产品 散热好一些', '6099.00', ' *退货补运费 *30天无忧退货 *48小时快速退款 *72小时发货', '精锐版 i7-6700HQ 4G GTX960 4G', '戴尔游匣', 'Windows 10', '4G', '全高清屏(1920×1080)', 'GTX960M', 'Intel i7标准电压版', '4G', '游戏本', '128G+1T', '<div class="content_tpl"><div class="formwork"><div class="formwork_img"><img class="" src="img/product/detail/59003d3fNd4e6c74e.jpg"></div></div><div class="formwork"><div class="formwork_img"><img class="" src="img/product/detail/59003d49Nd9aa8623.jpg"></div></div><div class="formwork"><div class="formwork_img"><img class="" src="img/product/detail/59003d53N79717f17.jpg"></div></div><div class="formwork"><div class="formwork_img"><img class="" src="img/product/detail/59003db4N5441df2e.jpg"></div></div><div class="formwork"><div class="formwork_img"><img class="" src="img/product/detail/59003afdN7d9208b8.jpg"></div></div></div>', 1519123456789, 711, 1, 'pinpai_img/daier.png', 'AppleMJLT2CH', '9.0', '5489.00', '戴尔笔记本专卖店'),
(26, 7, '戴尔DELL灵越游匣15PR-2648B 15.6英寸游戏笔记本电脑(i5-6300HQ 4G 128SSD+500G GTX960M 4G独显 FHD)黑', '【选游戏本还得看散热】960M 4G独显 预装128SSD 双硬盘游戏更劲爽 ！', '5299.00', ' *退货补运费 *30天无忧退货 *48小时快速退款 *72小时发货', '精锐版 i5-6300HQ 4G GTX960 4G', '戴尔游匣', 'Windows 10', '4G', '全高清屏(1920×1080)', 'GTX960M', 'Intel i5标准电压版', '4G', '游戏本', '128G+1T', '<div class="content_tpl"><div class="formwork"><div class="formwork_img"><img class="" src="img/product/detail/59003d3fNd4e6c74e.jpg"></div></div><div class="formwork"><div class="formwork_img"><img class="" src="img/product/detail/59003d49Nd9aa8623.jpg"></div></div><div class="formwork"><div class="formwork_img"><img class="" src="img/product/detail/59003d53N79717f17.jpg"></div></div><div class="formwork"><div class="formwork_img"><img class="" src="img/product/detail/59003db4N5441df2e.jpg"></div></div><div class="formwork"><div class="formwork_img"><img class="" src="img/product/detail/59003afdN7d9208b8.jpg"></div></div></div>', 1529123456789, 319, 0, 'pinpai_img/daier.png', 'AppleMJLT2CH', '9.0', '4769.00', '戴尔笔记本专卖店'),
(27, 7, '戴尔DELL灵越游匣15PR-5645B 15.6英寸游戏笔记本电脑(i5-7300HQ 8G 128GSSD+1T GTX1050 4G独显 FHD)黑', '【白条6期免息 游匣“10”力出击】七代四核CPU ,GTX1050 4G独显,FHD全高清屏,热血出击！', '5999.00', ' *退货补运费 *30天无忧退货 *48小时快速退款 *72小时发货', '宗师版 i5-7300HQ 8G GTX1050 4G', '戴尔灵越游匣15PR-5645B', 'Windows 10', '8G', '全高清屏(1920×1080)', 'GTX1050', 'Intel i7标准电压版', '4G', '游戏本', '128G+1T', '<div class="content_tpl"><div class="formwork"><div class="formwork_img"><img class="" src="img/product/detail/59003d3fNd4e6c74e.jpg"></div></div><div class="formwork"><div class="formwork_img"><img class="" src="img/product/detail/59003d49Nd9aa8623.jpg"></div></div><div class="formwork"><div class="formwork_img"><img class="" src="img/product/detail/59003d53N79717f17.jpg"></div></div><div class="formwork"><div class="formwork_img"><img class="" src="img/product/detail/59003db4N5441df2e.jpg"></div></div><div class="formwork"><div class="formwork_img"><img class="" src="img/product/detail/59003afdN7d9208b8.jpg"></div></div></div>', 1511123456789, 2110, 0, 'pinpai_img/daier.png', '', '9.0', '5399.00', '戴尔笔记本专卖店'),
(28, 8, '联想(ThinkPad)轻薄系列E470c(20H3A000CD)14英寸笔记本电脑(i5-6200U 4G 500G 2G独显 Win10)黑色', '点击进入5月大促，超值满千减百品牌周', '3998.00', '*30天无忧退货 *48小时快速退款', '【E470C-2017新】i5 4G 500G', 'ThinkPadE470 c', 'Linux', '4G', '标准屏(1366×768)', '入门级游戏独立显卡', 'Intel i5低功耗版', '2G', '常规本', '500G', '<div class="content_tpl"><div class="formwork"><div class="formwork_img"><img class="" src="img/product/detail/58119b8aNb84f1e22.jpg"></div></div></div>', 150123456789, 117, 1, 'pinpai_img/lianxiang.png', '', '9.0', '3598.00', '联想笔记本专卖店'),
(29, 8, '联想(ThinkPad)轻薄系列E470c(20H3A004CD)14英寸笔记本电脑(i5-6200U 8G 500G 2G独显 Win10)黑色', '点击进入5月大促，超值满千减百品牌周', '4699.00', '*30天无忧退货 *48小时快速退款', '【E470C-2017新】i5 8G 500G', 'ThinkPadE470 c', 'Linux', '8G', '标准屏(1366×768)', '入门级游戏独立显卡', 'Intel i5低功耗版', '2G', '常规本', '500G', '<div class="content_tpl"><div class="formwork"><div class="formwork_img"><img class="" src="img/product/detail/58119b8aNb84f1e22.jpg"></div></div></div>', 151123456789, 1862, 0, 'pinpai_img/lianxiang.png', '', '9.0', '4229.00', '联想笔记本专卖店'),
(30, 8, '联想(ThinkPad)轻薄系列E470c(20H3A003CD)14英寸笔记本电脑(i5-6200U 8G 1T 2G独显 Win10)黑色', '点击进入5月大促，超值满千减百品牌周', '5499.00', '*30天无忧退货 *48小时快速退款', '【E470C-2017新】i5 8G 1TB', 'ThinkPadE470 c', 'Linux', '8G', '标准屏(1366×768)', '入门级游戏独立显卡', 'Intel i5低功耗版', '2G', '常规本', '1T', '<div class="content_tpl"><div class="formwork"><div class="formwork_img"><img class="" src="img/product/detail/58119b8aNb84f1e22.jpg"></div></div></div>', 152123456789, 812, 1, 'pinpai_img/lianxiang.png', '', '9.0', '4949.00', '联想笔记本专卖店'),
(31, 8, '联想(ThinkPad)轻薄系列E470c(20H3A002CD)14英寸笔记本电脑(i5-6200U 4G 256G SSD 2G独显 Win10)黑色', '点击进入5月大促，超值满千减百品牌周', '5399.00', '*30天无忧退货 *48小时快速退款', '【E470C-2017新】i5 4G 256GSSD', 'ThinkPadE470 c', 'Linux', '4G', '标准屏(1366×768)', '入门级游戏独立显卡', 'Intel i5低功耗版', '2G', '常规本', '256G固态', '<div class="content_tpl"><div class="formwork"><div class="formwork_img"><img class="" src="img/product/detail/58119b8aNb84f1e22.jpg"></div></div></div>', 153123456789, 162, 0, 'pinpai_img/lianxiang.png', '', '9.0', '4859.00', '联想笔记本专卖店'),
(32, 8, '联想(ThinkPad)轻薄系列E470c(20H3A001CD)14英寸笔记本电脑(i5-6200U 8G 256G SSD 2G独显 Win10)黑色', '点击进入5月大促，超值满千减百品牌周', '5499.00', '*30天无忧退货 *48小时快速退款', '【E470C-2017新】i5 8G 256GSSD', 'ThinkPadE470 c', 'Linux', '8G', '标准屏(1366×768)', '入门级游戏独立显卡', 'Intel i5低功耗版', '2G', '常规本', '256G固态', '<div class="content_tpl"><div class="formwork"><div class="formwork_img"><img class="" src="img/product/detail/58119b8aNb84f1e22.jpg"></div></div></div>', 154123456789, 1180, 0, 'pinpai_img/lianxiang.png', '', '9.0', '4949.00', '联想笔记本专卖店'),
(33, 9, '华硕(ASUS)顽石电竞版FH5900 15.6英寸游戏笔记本电脑(i7-6700HQ 4G 1TB +128G SSD NV940MX 2G 独显 FHD)', '顽石血统 标压电竞版 强劲动力带你畅快遨游', '4999.00', ' *退货补运费 *30天无忧退货 *72小时发货', '【高速】顽石游戏本i74G1T128SSD', '华硕FH5900V', 'Windows 10', '4G', '全高清屏(1920*1080)', '入门级游戏独立显卡', 'Intel i7标准电压版', '2G', '游戏本', '128G+1T', '<div class="content_tpl"><div class="formwork"><div class="formwork_img"><img class="" src="img/product/detail/583d2fb0N44aa29cf.jpg"><img class="" src="img/product/detail/583d2fd5N33db758b.jpg"><img class="" src="img/product/detail/583d359aN47f3276b.jpg"><img class="" src="img/product/detail/583d3036Nef20d28f.jpg"><img class="" src="img/product/detail/583d304aN4722f8d5.jpg"></div></div></div>', 1450123456789, 1231, 0, 'pinpai_img/huashuo.png', 'AppleMJLT2CH', '9.0', '4499.00', '华硕笔记本专卖店'),
(34, 9, '华硕(ASUS) 顽石四代尊享版 15.6英寸笔记本电脑(i7-7500U 8G 1TB NV940MX 2G独显 深蓝 FHD )', '第七代i7处理器，8G超大内存与1T硬盘，快无止境、大无止境', '4699.00', ' *退货补运费 *30天无忧退货 *72小时发货', '顽石经典【高配i7 8G 1T 深蓝】', '华硕FL5900UQ', 'Windows 10', '8G', '全高清屏(1920*1080)', '入门级游戏独立显卡', 'Intel i7低功耗版', '2G', '游戏本', '1T', '<div class="content_tpl"><div class="formwork"><div class="formwork_img"><img class="" src="img/product/detail/583d2fb0N44aa29cf.jpg"><img class="" src="img/product/detail/583d2fd5N33db758b.jpg"><img class="" src="img/product/detail/583d359aN47f3276b.jpg"><img class="" src="img/product/detail/583d3036Nef20d28f.jpg"><img class="" src="img/product/detail/583d304aN4722f8d5.jpg"></div></div></div>', 1550123456789, 1231, 1, 'pinpai_img/huashuo.png', 'AppleMJLT2CH', '9.0', '4229.00', '华硕笔记本专卖店'),
(35, 9, '华硕(ASUS) 顽石四代旗舰版FL5900 15.6英寸笔记本电脑(i7-7500U 4G 1TB +128GBSSD NV940MX 深蓝 FHD)', '混合硬盘，1T搭载128G固态，读取速度更快，智能散热不烫手！！', '4999.00', ' *退货补运费 *30天无忧退货 *72小时发货', '顽石双盘【i7 4G 1t加128SSD】', '华硕FL5900UQ', 'Windows 10', '4G', '全高清屏(1920*1080)', '入门级游戏独立显卡', 'Intel i7低功耗版', '2G', '游戏本', '128G+1T', '<div class="content_tpl"><div class="formwork"><div class="formwork_img"><img class="" src="img/product/detail/583d2fb0N44aa29cf.jpg"><img class="" src="img/product/detail/583d2fd5N33db758b.jpg"><img class="" src="img/product/detail/583d359aN47f3276b.jpg"><img class="" src="img/product/detail/583d3036Nef20d28f.jpg"><img class="" src="img/product/detail/583d304aN4722f8d5.jpg"></div></div></div>', 1531023456789, 221, 0, 'pinpai_img/huashuo.png', 'AppleMJLT2CH', '9.0', '4499.00', '华硕笔记本专卖店'),
(36, 9, '华硕(ASUS)顽石四代疾速版 FL5900 15.6英寸笔记本电脑(i7-6500U 4G 512GB SSD NV940M 2G独显 红色)', '【同样配置看主板，搭配华硕主板让您放心，屏幕无坏点保证】办公，游戏无压力！！！', '4799.00', ' *退货补运费 *30天无忧退货 *72小时发货', '顽石高速【i7-4G 512SSD 炫红】', '华硕FL5900U', 'Windows 10', '4G', '全高清屏(1920*1080)', 'GT940M', 'Intel i7低功耗版', '2G', '游戏本', '512G固态', '<div class="content_tpl"><div class="formwork"><div class="formwork_img"><img class="" src="img/product/detail/583d2fb0N44aa29cf.jpg"><img class="" src="img/product/detail/583d2fd5N33db758b.jpg"><img class="" src="img/product/detail/583d359aN47f3276b.jpg"><img class="" src="img/product/detail/583d3036Nef20d28f.jpg"><img class="" src="img/product/detail/583d304aN4722f8d5.jpg"></div></div></div>', 1510123456789, 103, 1, 'pinpai_img/huashuo.png', 'AppleMJLT2CH', '9.0', '4319.00', '华硕笔记本专卖店'),
(37, 9, '华硕(ASUS) 顽石四代疾速版FL5900 15.6英寸笔记本电脑(i7-6500U 4G 512G SSD NV940MX 2G独显 红色 FHD)', '疾速版，就是要你快！512G固态硬盘，第六代i7处理器搭载2G独显！', '4799.00', ' *退货补运费 *30天无忧退货 *72小时发货', '顽石高速【i74G512SSD NV940MX】', '华硕FL5900UQ', 'Windows 10', '4G', '全高清屏(1920*1080)', '入门级游戏独立显卡', 'Intel i7低功耗版', '2G', '游戏本', '512G固态', '<div class="content_tpl"><div class="formwork"><div class="formwork_img"><img class="" src="img/product/detail/583d2fb0N44aa29cf.jpg"><img class="" src="img/product/detail/583d2fd5N33db758b.jpg"><img class="" src="img/product/detail/583d359aN47f3276b.jpg"><img class="" src="img/product/detail/583d3036Nef20d28f.jpg"><img class="" src="img/product/detail/583d304aN4722f8d5.jpg"></div></div></div>', 1450123456789, 341, 0, 'pinpai_img/huashuo.png', 'AppleMJLT2CH', '9.0', '4319.00', '华硕笔记本专卖店'),
(38, 10, '神舟(HASEE)战神Z7M-KP7GT 15.6英寸游戏本笔记本电脑(i7-7700HQ 8G 1T+128G SSD GTX1050Ti 1080P)IPS屏', '超强性价比！！', '6199.00', ' *退货补运费 *30天无忧退货 *48小时快速退款 *72小时发货', 'Z7M GT【i7 128G+1T GTX1050Ti】', '神舟战神Z7M-KP7GT', 'Windows 10', '8G', '全高清屏(1920×1080)', 'GTX1050Ti', 'Intel i7标准电压版', '4G', '游戏本', '128G+1T', '<div class="content_tpl"><div class="formwork"><div class="formwork_img"><img class="" src="img/product/detail/58c67b22Ned66fcb8.jpg"> <img class="" src="img/product/detail/58c67b23Nfffc2f8b.jpg"> <img class="" src="img/product/detail/58c67b22N04b18388.jpg"> <img class="" src="img/product/detail/58c67b24N6d5ce71c.jpg"> <img class="" src="img/product/detail/58c67b24Nac3dc074.jpg"> <img class="" src="img/product/detail/58c67b22N8aa1905c.jpg"> <img class="" src="img/product/detail/58c67b24N9aa8a252.jpg"></div></div></div>', 151123456789, 441, 0, 'pinpai_img/shenzhou.png', '', '9.0', '5579.00', '神舟笔记本专卖店'),
(39, 10, '神舟(HASEE)战神Z7M-SL7D2 15.6英寸游戏本笔记本电脑(i7-6700HQ 8G 1T+128GB SSD GTX965M 1080P)IPS', '六代i7 SSD GTX965M还预装WIN10，一步到位，你赢了！', '5499.00', ' *退货补运费 *30天无忧退货 *48小时快速退款 *72小时发货', '战神Z7M【四核i7 GTX965M】', '神舟战神Z7M', 'Windows 10', '8G', '全高清屏(1920×1080)', 'GTX965M', 'Intel i7标准电压版', '4G', '游戏本', '128G+1T', '<div class="content_tpl"><div class="formwork"><div class="formwork_img"><img class="" src="img/product/detail/58c67b22Ned66fcb8.jpg"> <img class="" src="img/product/detail/58c67b23Nfffc2f8b.jpg"> <img class="" src="img/product/detail/58c67b22N04b18388.jpg"> <img class="" src="img/product/detail/58c67b24N6d5ce71c.jpg"> <img class="" src="img/product/detail/58c67b24Nac3dc074.jpg"> <img class="" src="img/product/detail/58c67b22N8aa1905c.jpg"> <img class="" src="img/product/detail/58c67b24N9aa8a252.jpg"></div></div></div>', 152123456789, 1289, 1, 'pinpai_img/shenzhou.png', '', '9.0', '4949.00', '神舟笔记本专卖店'),
(40, 10, '神舟(HASEE)战神Z7M-SL5D1 15.6英寸游戏本笔记本电脑(i5-6300HQ 8G 1TB GTX965M 1080P)IPS屏', '超强性价比！！', '4499.00', ' *退货补运费 *30天无忧退货 *48小时快速退款 *72小时发货', '战神Z7M【四核i5 GTX965M】', '神舟战神Z7M-SL5D1', 'Windows 10', '8G', '全高清屏(1920×1080)', 'GTX965M', 'Intel i7标准电压版', '2G', '游戏本', '1T', '<div class="content_tpl"><div class="formwork"><div class="formwork_img"><img class="" src="img/product/detail/58c67b22Ned66fcb8.jpg"> <img class="" src="img/product/detail/58c67b23Nfffc2f8b.jpg"> <img class="" src="img/product/detail/58c67b22N04b18388.jpg"> <img class="" src="img/product/detail/58c67b24N6d5ce71c.jpg"> <img class="" src="img/product/detail/58c67b24Nac3dc074.jpg"> <img class="" src="img/product/detail/58c67b22N8aa1905c.jpg"> <img class="" src="img/product/detail/58c67b24N9aa8a252.jpg"></div></div></div>', 153123456789, 231, 0, 'pinpai_img/shenzhou.png', '', '9.0', '4049.00', '神舟笔记本专卖店'),
(41, 10, '神舟(HASEE)战神Z6-KP5GT 15.6英寸游戏本笔记本电脑(i5-7300HQ 8G 1T+128G SSD GTX1050 1080P)黑色', '超强性价比！！', '5199.00', ' *退货补运费 *30天无忧退货 *48小时快速退款 *72小时发货', 'Z6 GT【i5 128G+1T GTX1050】', '神舟战神Z6-KP5GT', 'Windows 10', '8G', '全高清屏(1920×1080)', 'GTX1050', 'Intel i5标准电压版', '4G', '游戏本', '128G+1T', '<div class="content_tpl"><div class="formwork"><div class="formwork_img"><img class="" src="img/product/detail/58c67b22Ned66fcb8.jpg"> <img class="" src="img/product/detail/58c67b23Nfffc2f8b.jpg"> <img class="" src="img/product/detail/58c67b22N04b18388.jpg"> <img class="" src="img/product/detail/58c67b24N6d5ce71c.jpg"> <img class="" src="img/product/detail/58c67b24Nac3dc074.jpg"> <img class="" src="img/product/detail/58c67b22N8aa1905c.jpg"> <img class="" src="img/product/detail/58c67b24N9aa8a252.jpg"></div></div></div>', 154123456789, 469, 1, 'pinpai_img/shenzhou.png', '', '9.0', '4679.00', '神舟笔记本专卖店'),
(42, 10, '神舟(HASEE) 战神G6-SL7S2 17.3英寸游戏笔记本(i7-6700HQ 8G 256G SSD GTX960M 2G独显 1080P)黑色', '17.3英寸大屏游戏本，纯固态硬盘，秒速开启超神之路！', '5499.00', ' *退货补运费 *30天无忧退货 *48小时快速退款 *72小时发货', '战神G6【17.3英寸 GTX960M】', '神舟战神G6', 'Windows 10', '8G', '全高清屏(1920×1080)', 'GTX960M', 'Intel i7标准电压版', '4G', '游戏本', '256固态', '<div class="content_tpl"><div class="formwork"><div class="formwork_img"><img class="" src="img/product/detail/58c67b22Ned66fcb8.jpg"> <img class="" src="img/product/detail/58c67b23Nfffc2f8b.jpg"> <img class="" src="img/product/detail/58c67b22N04b18388.jpg"> <img class="" src="img/product/detail/58c67b24N6d5ce71c.jpg"> <img class="" src="img/product/detail/58c67b24Nac3dc074.jpg"> <img class="" src="img/product/detail/58c67b22N8aa1905c.jpg"> <img class="" src="img/product/detail/58c67b24N9aa8a252.jpg"></div></div></div>', 155123456789, 1223, 0, 'pinpai_img/shenzhou.png', '', '9.0', '4949.00', '神舟笔记本专卖店'),
(43, 10, '神舟(HASEE)战神Z6-KP7GT 15.6英寸游戏本笔记本电脑(i7-7700HQ 8G 1T+128G SSD GTX1050 1080P)黑色', '预约享5499抢！【128G SSD+1T HDD】双硬盘，春风“十”里，期待是你！', '5699.00', ' *退货补运费 *30天无忧退货 *48小时快速退款 *72小时发货', 'Z6 GT【i7 128G+1T GTX1050】', '神舟战神Z6-KP7GT', 'Windows 10', '8G', '全高清屏(1920×1080)', 'GTX1050', 'Intel i7标准电压版', '2G', '游戏本', '128G+1T', '<div class="content_tpl"><div class="formwork"><div class="formwork_img"><img class="" src="img/product/detail/58c67b22Ned66fcb8.jpg"> <img class="" src="img/product/detail/58c67b23Nfffc2f8b.jpg"> <img class="" src="img/product/detail/58c67b22N04b18388.jpg"> <img class="" src="img/product/detail/58c67b24N6d5ce71c.jpg"> <img class="" src="img/product/detail/58c67b24Nac3dc074.jpg"> <img class="" src="img/product/detail/58c67b22N8aa1905c.jpg"> <img class="" src="img/product/detail/58c67b24N9aa8a252.jpg"></div></div></div>', 156123456789, 1844, 1, 'pinpai_img/shenzhou.png', '', '9.0', '5129.00', '神舟笔记本专卖店');

-- --------------------------------------------------------

--
-- 表的结构 `ca_laptop_family`
--

CREATE TABLE `ca_laptop_family` (
  `fid` int(11) NOT NULL,
  `fname` varchar(32) DEFAULT NULL
) ENGINE=InnoDB DEFAULT CHARSET=utf8;

--
-- 转存表中的数据 `ca_laptop_family`
--

INSERT INTO `ca_laptop_family` (`fid`, `fname`) VALUES
(1, 'AppleMacBookAir'),
(2, '小米Air'),
(3, 'ThinkPadE480C'),
(4, '华硕RX310UQ'),
(5, '联想小新700'),
(6, '戴尔燃7000'),
(7, '戴尔灵越15PR-5745B'),
(8, 'ThinkPadE470 C'),
(9, '华硕FH5900V'),
(10, '神舟战神Z7M-KP7GT');

-- --------------------------------------------------------

--
-- 表的结构 `ca_laptop_pic`
--

CREATE TABLE `ca_laptop_pic` (
  `pid` int(11) NOT NULL,
  `laptop_id` int(11) DEFAULT NULL,
  `sm` varchar(128) DEFAULT NULL,
  `md` varchar(128) DEFAULT NULL,
  `lg` varchar(128) DEFAULT NULL
) ENGINE=InnoDB DEFAULT CHARSET=utf8;

--
-- 转存表中的数据 `ca_laptop_pic`
--

INSERT INTO `ca_laptop_pic` (`pid`, `laptop_id`, `sm`, `md`, `lg`) VALUES
(1, 1, 'img/product/sm/57b12a31N8f4f75a3.jpg', 'img/product/md/57ad359dNd4a6f130.jpg', 'img/product/lg/57b12a31N8f4f75a3.jpg'),
(2, 1, 'img/product/sm/57ad359dNd4a6f130.jpg', 'img/product/md/57ad359dNd4a6f130.jpg', 'img/product/lg/57ad359dNd4a6f130.jpg'),
(3, 1, 'img/product/sm/57ad8846N64ac3c79.jpg', 'img/product/md/57ad8846N64ac3c79.jpg', 'img/product/lg/57ad8846N64ac3c79.jpg'),
(8, 1, 'img/product/sm/57ad359dNd4a6f130.jpg', 'img/product/md/57ad359dNd4a6f130.jpg', 'img/product/lg/57ad359dNd4a6f130.jpg'),
(9, 1, 'img/product/sm/57ad8846N64ac3c79.jpg', 'img/product/md/57ad8846N64ac3c79.jpg', 'img/product/lg/57ad8846N64ac3c79.jpg'),
(10, 2, 'img/product/sm/57b12a31N8f4f75a3.jpg', 'img/product/md/57b12a31N8f4f75a3.jpg', 'img/product/lg/57b12a31N8f4f75a3.jpg'),
(11, 2, 'img/product/sm/57ad359dNd4a6f130.jpg', 'img/product/md/57ad359dNd4a6f130.jpg', 'img/product/lg/57ad359dNd4a6f130.jpg'),
(12, 2, 'img/product/sm/57ad8846N64ac3c79.jpg', 'img/product/md/57b12a31N8f4f75a3.jpg', 'img/product/lg/57ad8846N64ac3c79.jpg'),
(13, 3, 'img/product/sm/57b12a31N8f4f75a3.jpg', 'img/product/md/57ad359dNd4a6f130.jpg', 'img/product/lg/57b12a31N8f4f75a3.jpg'),
(14, 3, 'img/product/sm/57ad359dNd4a6f130.jpg', 'img/product/md/57ad359dNd4a6f130.jpg', 'img/product/lg/57ad359dNd4a6f130.jpg'),
(15, 3, 'img/product/sm/57ad8846N64ac3c79.jpg', 'img/product/md/57ad8846N64ac3c79.jpg', 'img/product/lg/57ad8846N64ac3c79.jpg'),
(16, 3, 'img/product/sm/57b12a31N8f4f75a3.jpg', 'img/product/md/57b12a31N8f4f75a3.jpg', 'img/product/lg/57b12a31N8f4f75a3.jpg'),
(17, 3, 'img/product/sm/57ad359dNd4a6f130.jpg', 'img/product/md/57ad359dNd4a6f130.jpg', 'img/product/lg/57ad359dNd4a6f130.jpg'),
(19, 4, 'img/product/sm/57b12a31N8f4f75a3.jpg', 'img/product/md/57b12a31N8f4f75a3.jpg', 'img/product/lg/57b12a31N8f4f75a3.jpg'),
(20, 4, 'img/product/sm/57ad359dNd4a6f130.jpg', 'img/product/md/57ad359dNd4a6f130.jpg', 'img/product/lg/57ad359dNd4a6f130.jpg'),
(21, 4, 'img/product/sm/57ad8846N64ac3c79.jpg', 'img/product/md/57ad8846N64ac3c79.jpg', 'img/product/lg/57ad8846N64ac3c79.jpg'),
(22, 5, 'img/product/sm/57e3b072N661cd00d.jpg', 'img/product/md/57e3b072N661cd00d.jpg', 'img/product/lg/57e3b072N661cd00d.jpg'),
(23, 5, 'img/product/sm/57e1ff09Nf610fea3.jpg', 'img/product/md/57e1ff09Nf610fea3.jpg', 'img/product/lg/57e1ff09Nf610fea3.jpg'),
(24, 5, 'img/product/sm/57e1ff17N286390a9.jpg', 'img/product/md/57e1ff17N286390a9.jpg', 'img/product/lg/57e1ff17N286390a9.jpg'),
(25, 5, 'img/product/sm/57e1ff2fN8a36d0fe.jpg', 'img/product/md/57e1ff2fN8a36d0fe.jpg', 'img/product/lg/57e1ff2fN8a36d0fe.jpg'),
(26, 5, 'img/product/sm/57e52dffNa4d8ce2c.jpg', 'img/product/md/57e52dffNa4d8ce2c.jpg', 'img/product/lg/57e52dffNa4d8ce2c.jpg'),
(29, 6, 'img/product/sm/57e3b072N661cd00d.jpg', 'img/product/md/57e3b072N661cd00d.jpg', 'img/product/lg/57e3b072N661cd00d.jpg'),
(30, 6, 'img/product/sm/57e1ff09Nf610fea3.jpg', 'img/product/md/57e1ff09Nf610fea3.jpg', 'img/product/lg/57e1ff09Nf610fea3.jpg'),
(31, 6, 'img/product/sm/57e1ff17N286390a9.jpg', 'img/product/md/57e1ff17N286390a9.jpg', 'img/product/lg/57e1ff17N286390a9.jpg'),
(32, 6, 'img/product/sm/57e1ff2fN8a36d0fe.jpg', 'img/product/md/57e1ff2fN8a36d0fe.jpg', 'img/product/lg/57e1ff2fN8a36d0fe.jpg'),
(33, 6, 'img/product/sm/57e52dffNa4d8ce2c.jpg', 'img/product/md/57e52dffNa4d8ce2c.jpg', 'img/product/lg/57e52dffNa4d8ce2c.jpg'),
(36, 7, 'img/product/sm/57e3b072N661cd00d.jpg', 'img/product/md/57e3b072N661cd00d.jpg', 'img/product/lg/57e3b072N661cd00d.jpg'),
(37, 7, 'img/product/sm/57e1ff09Nf610fea3.jpg', 'img/product/md/57e1ff09Nf610fea3.jpg', 'img/product/lg/57e1ff09Nf610fea3.jpg'),
(38, 7, 'img/product/sm/57e1ff17N286390a9.jpg', 'img/product/md/57e1ff17N286390a9.jpg', 'img/product/lg/57e1ff17N286390a9.jpg'),
(39, 7, 'img/product/sm/57e1ff2fN8a36d0fe.jpg', 'img/product/md/57e1ff2fN8a36d0fe.jpg', 'img/product/lg/57e1ff2fN8a36d0fe.jpg'),
(40, 7, 'img/product/sm/57e52dffNa4d8ce2c.jpg', 'img/product/md/57e52dffNa4d8ce2c.jpg', 'img/product/lg/57e52dffNa4d8ce2c.jpg'),
(43, 8, 'img/product/sm/57e3b072N661cd00d.jpg', 'img/product/md/57e3b072N661cd00d.jpg', 'img/product/lg/57e3b072N661cd00d.jpg'),
(44, 8, 'img/product/sm/57e1ff09Nf610fea3.jpg', 'img/product/md/57e1ff09Nf610fea3.jpg', 'img/product/lg/57e1ff09Nf610fea3.jpg'),
(45, 8, 'img/product/sm/57e1ff17N286390a9.jpg', 'img/product/md/57e1ff17N286390a9.jpg', 'img/product/lg/57e1ff17N286390a9.jpg'),
(47, 8, 'img/product/sm/57e52dffNa4d8ce2c.jpg', 'img/product/md/57e52dffNa4d8ce2c.jpg', 'img/product/lg/57e52dffNa4d8ce2c.jpg'),
(49, 8, 'img/product/sm/57e52e06N116974f7.jpg', 'img/product/md/57e52e06N116974f7.jpg', 'img/product/lg/57e52e06N116974f7.jpg'),
(50, 9, 'img/product/sm/584b5678Nbc9f1e70.jpg', 'img/product/md/584b5678Nbc9f1e70.jpg', 'img/product/lg/584b5678Nbc9f1e70.jpg'),
(51, 9, 'img/product/sm/584b567dNd9c58341.jpg', 'img/product/md/584b567dNd9c58341.jpg', 'img/product/lg/584b567dNd9c58341.jpg'),
(52, 9, 'img/product/sm/5819a0ebNefd901bc.jpg', 'img/product/md/5819a0ebNefd901bc.jpg', 'img/product/lg/5819a0ebNefd901bc.jpg'),
(53, 9, 'img/product/sm/5819a106Necf0abb8.jpg', 'img/product/md/5819a106Necf0abb8.jpg', 'img/product/lg/5819a106Necf0abb8.jpg'),
(54, 9, 'img/product/sm/5819a10bN2ea5c8e0.jpg', 'img/product/md/5819a10bN2ea5c8e0.jpg', 'img/product/lg/5819a10bN2ea5c8e0.jpg'),
(56, 9, 'img/product/sm/5819a114Ne0cd75db.jpg', 'img/product/md/5819a114Ne0cd75db.jpg', 'img/product/lg/5819a114Ne0cd75db.jpg'),
(58, 10, 'img/product/sm/584b5678Nbc9f1e70.jpg', 'img/product/md/584b5678Nbc9f1e70.jpg', 'img/product/lg/584b5678Nbc9f1e70.jpg'),
(59, 10, 'img/product/sm/584b567dNd9c58341.jpg', 'img/product/md/584b567dNd9c58341.jpg', 'img/product/lg/584b567dNd9c58341.jpg'),
(60, 10, 'img/product/sm/5819a0ebNefd901bc.jpg', 'img/product/md/5819a0ebNefd901bc.jpg', 'img/product/lg/5819a0ebNefd901bc.jpg'),
(61, 10, 'img/product/sm/5819a106Necf0abb8.jpg', 'img/product/md/5819a106Necf0abb8.jpg', 'img/product/lg/5819a106Necf0abb8.jpg'),
(62, 10, 'img/product/sm/5819a10bN2ea5c8e0.jpg', 'img/product/md/5819a10bN2ea5c8e0.jpg', 'img/product/lg/5819a10bN2ea5c8e0.jpg'),
(66, 11, 'img/product/sm/584b5678Nbc9f1e70.jpg', 'img/product/md/584b5678Nbc9f1e70.jpg', 'img/product/lg/584b5678Nbc9f1e70.jpg'),
(67, 11, 'img/product/sm/584b567dNd9c58341.jpg', 'img/product/md/584b567dNd9c58341.jpg', 'img/product/lg/584b567dNd9c58341.jpg'),
(68, 11, 'img/product/sm/5819a0ebNefd901bc.jpg', 'img/product/md/5819a0ebNefd901bc.jpg', 'img/product/lg/5819a0ebNefd901bc.jpg'),
(69, 11, 'img/product/sm/5819a106Necf0abb8.jpg', 'img/product/md/5819a106Necf0abb8.jpg', 'img/product/lg/5819a106Necf0abb8.jpg'),
(70, 11, 'img/product/sm/5819a10bN2ea5c8e0.jpg', 'img/product/md/5819a10bN2ea5c8e0.jpg', 'img/product/lg/5819a10bN2ea5c8e0.jpg'),
(74, 12, 'img/product/sm/584b5678Nbc9f1e70.jpg', 'img/product/md/584b5678Nbc9f1e70.jpg', 'img/product/lg/584b5678Nbc9f1e70.jpg'),
(75, 12, 'img/product/sm/584b567dNd9c58341.jpg', 'img/product/md/584b567dNd9c58341.jpg', 'img/product/lg/584b567dNd9c58341.jpg'),
(76, 12, 'img/product/sm/5819a0ebNefd901bc.jpg', 'img/product/md/5819a0ebNefd901bc.jpg', 'img/product/lg/5819a0ebNefd901bc.jpg'),
(77, 12, 'img/product/sm/5819a106Necf0abb8.jpg', 'img/product/md/5819a106Necf0abb8.jpg', 'img/product/lg/5819a106Necf0abb8.jpg'),
(78, 12, 'img/product/sm/5819a10bN2ea5c8e0.jpg', 'img/product/md/5819a10bN2ea5c8e0.jpg', 'img/product/lg/5819a10bN2ea5c8e0.jpg'),
(82, 13, 'img/product/sm/590a98f9N8039f132.jpg', 'img/product/md/590a98f9N8039f132.jpg', 'img/product/lg/590a98f9N8039f132.jpg'),
(83, 13, 'img/product/sm/58f46de7N0dafbae3.jpg', 'img/product/md/58f46de7N0dafbae3.jpg', 'img/product/lg/58f46de7N0dafbae3.jpg'),
(84, 13, 'img/product/sm/58e5c226N4836a223.jpg', 'img/product/md/58e5c226N4836a223.jpg', 'img/product/lg/58e5c226N4836a223.jpg'),
(85, 13, 'img/product/sm/58dc76d5N8a0947a3.jpg', 'img/product/md/58dc76d5N8a0947a3.jpg', 'img/product/lg/58dc76d5N8a0947a3.jpg'),
(86, 13, 'img/product/sm/58fd9c54Nec723d68.jpg', 'img/product/md/58fd9c54Nec723d68.jpg', 'img/product/lg/58fd9c54Nec723d68.jpg'),
(88, 14, 'img/product/sm/590a98f9N8039f132.jpg', 'img/product/md/590a98f9N8039f132.jpg', 'img/product/lg/590a98f9N8039f132.jpg'),
(89, 14, 'img/product/sm/58f46de7N0dafbae3.jpg', 'img/product/md/58f46de7N0dafbae3.jpg', 'img/product/lg/58f46de7N0dafbae3.jpg'),
(90, 14, 'img/product/sm/58e5c226N4836a223.jpg', 'img/product/md/58e5c226N4836a223.jpg', 'img/product/lg/58e5c226N4836a223.jpg'),
(91, 14, 'img/product/sm/58dc76d5N8a0947a3.jpg', 'img/product/md/58dc76d5N8a0947a3.jpg', 'img/product/lg/58dc76d5N8a0947a3.jpg'),
(92, 14, 'img/product/sm/58fd9c54Nec723d68.jpg', 'img/product/md/58fd9c54Nec723d68.jpg', 'img/product/lg/58fd9c54Nec723d68.jpg'),
(94, 15, 'img/product/sm/590a98f9N8039f132.jpg', 'img/product/md/590a98f9N8039f132.jpg', 'img/product/lg/590a98f9N8039f132.jpg'),
(95, 15, 'img/product/sm/58f46de7N0dafbae3.jpg', 'img/product/md/58f46de7N0dafbae3.jpg', 'img/product/lg/58f46de7N0dafbae3.jpg'),
(96, 15, 'img/product/sm/58e5c226N4836a223.jpg', 'img/product/md/58e5c226N4836a223.jpg', 'img/product/lg/58e5c226N4836a223.jpg'),
(97, 15, 'img/product/sm/58dc76d5N8a0947a3.jpg', 'img/product/md/58dc76d5N8a0947a3.jpg', 'img/product/lg/58dc76d5N8a0947a3.jpg'),
(98, 15, 'img/product/sm/58fd9c54Nec723d68.jpg', 'img/product/md/58fd9c54Nec723d68.jpg', 'img/product/lg/58fd9c54Nec723d68.jpg'),
(100, 16, 'img/product/sm/590a98f9N8039f132.jpg', 'img/product/md/590a98f9N8039f132.jpg', 'img/product/lg/590a98f9N8039f132.jpg'),
(101, 16, 'img/product/sm/58f46de7N0dafbae3.jpg', 'img/product/md/58f46de7N0dafbae3.jpg', 'img/product/lg/58f46de7N0dafbae3.jpg'),
(102, 16, 'img/product/sm/58e5c226N4836a223.jpg', 'img/product/md/58e5c226N4836a223.jpg', 'img/product/lg/58e5c226N4836a223.jpg'),
(103, 16, 'img/product/sm/58dc76d5N8a0947a3.jpg', 'img/product/md/58dc76d5N8a0947a3.jpg', 'img/product/lg/58dc76d5N8a0947a3.jpg'),
(104, 16, 'img/product/sm/58fd9c54Nec723d68.jpg', 'img/product/md/58fd9c54Nec723d68.jpg', 'img/product/lg/58fd9c54Nec723d68.jpg'),
(106, 17, 'img/product/sm/587f476aNcfbf7869.jpg', 'img/product/md/587f476aNcfbf7869.jpg', 'img/product/lg/587f476aNcfbf7869.jpg'),
(107, 17, 'img/product/sm/57871083Nefe2d3d6.jpg', 'img/product/md/57871083Nefe2d3d6.jpg', 'img/product/lg/57871083Nefe2d3d6.jpg'),
(108, 17, 'img/product/sm/57871086N86c8f0ab.jpg', 'img/product/md/57871086N86c8f0ab.jpg', 'img/product/lg/57871086N86c8f0ab.jpg'),
(109, 17, 'img/product/sm/5787107bN73d05ad5.jpg', 'img/product/md/5787107bN73d05ad5.jpg', 'img/product/lg/5787107bN73d05ad5.jpg'),
(110, 17, 'img/product/sm/5787109cNaf26e3b0.jpg', 'img/product/md/5787109cNaf26e3b0.jpg', 'img/product/lg/5787109cNaf26e3b0.jpg'),
(113, 18, 'img/product/sm/587f476aNcfbf7869.jpg', 'img/product/md/587f476aNcfbf7869.jpg', 'img/product/lg/587f476aNcfbf7869.jpg'),
(114, 18, 'img/product/sm/57871083Nefe2d3d6.jpg', 'img/product/md/57871083Nefe2d3d6.jpg', 'img/product/lg/57871083Nefe2d3d6.jpg'),
(115, 18, 'img/product/sm/57871086N86c8f0ab.jpg', 'img/product/md/57871086N86c8f0ab.jpg', 'img/product/lg/57871086N86c8f0ab.jpg'),
(116, 18, 'img/product/sm/5787107bN73d05ad5.jpg', 'img/product/md/5787107bN73d05ad5.jpg', 'img/product/lg/5787107bN73d05ad5.jpg'),
(117, 18, 'img/product/sm/5787109cNaf26e3b0.jpg', 'img/product/md/5787109cNaf26e3b0.jpg', 'img/product/lg/5787109cNaf26e3b0.jpg'),
(120, 19, 'img/product/sm/57bbc38eN9def8042.jpg', 'img/product/md/57bbc38eN9def8042.jpg', 'img/product/lg/57bbc38eN9def8042.jpg'),
(121, 19, 'img/product/sm/57ba6a27Nbb8d2dcf.jpg', 'img/product/md/57ba6a27Nbb8d2dcf.jpg', 'img/product/lg/57ba6a27Nbb8d2dcf.jpg'),
(122, 19, 'img/product/sm/57ba6a38N4f4670bd.jpg', 'img/product/md/57ba6a38N4f4670bd.jpg', 'img/product/lg/57ba6a38N4f4670bd.jpg'),
(123, 19, 'img/product/sm/57ba6a3dN54779e6a.jpg', 'img/product/md/57ba6a3dN54779e6a.jpg', 'img/product/lg/57ba6a3dN54779e6a.jpg'),
(124, 19, 'img/product/sm/57ba6a47N19af9c97.jpg', 'img/product/md/57ba6a47N19af9c97.jpg', 'img/product/lg/57ba6a47N19af9c97.jpg'),
(127, 20, 'img/product/sm/57bbc38eN9def8042.jpg', 'img/product/md/57bbc38eN9def8042.jpg', 'img/product/lg/57bbc38eN9def8042.jpg'),
(128, 20, 'img/product/sm/57ba6a27Nbb8d2dcf.jpg', 'img/product/md/57ba6a27Nbb8d2dcf.jpg', 'img/product/lg/57ba6a27Nbb8d2dcf.jpg'),
(129, 20, 'img/product/sm/57ba6a38N4f4670bd.jpg', 'img/product/md/57ba6a38N4f4670bd.jpg', 'img/product/lg/57ba6a38N4f4670bd.jpg'),
(130, 20, 'img/product/sm/57ba6a3dN54779e6a.jpg', 'img/product/md/57ba6a3dN54779e6a.jpg', 'img/product/lg/57ba6a3dN54779e6a.jpg'),
(131, 20, 'img/product/sm/57ba6a47N19af9c97.jpg', 'img/product/md/57ba6a47N19af9c97.jpg', 'img/product/lg/57ba6a47N19af9c97.jpg'),
(134, 21, 'img/product/sm/57bbc38eN9def8042.jpg', 'img/product/md/57bbc38eN9def8042.jpg', 'img/product/lg/57bbc38eN9def8042.jpg'),
(135, 21, 'img/product/sm/57ba6a27Nbb8d2dcf.jpg', 'img/product/md/57ba6a27Nbb8d2dcf.jpg', 'img/product/lg/57ba6a27Nbb8d2dcf.jpg'),
(136, 21, 'img/product/sm/57ba6a38N4f4670bd.jpg', 'img/product/md/57ba6a38N4f4670bd.jpg', 'img/product/lg/57ba6a38N4f4670bd.jpg'),
(137, 21, 'img/product/sm/57ba6a3dN54779e6a.jpg', 'img/product/md/57ba6a3dN54779e6a.jpg', 'img/product/lg/57ba6a3dN54779e6a.jpg'),
(138, 21, 'img/product/sm/57ba6a47N19af9c97.jpg', 'img/product/md/57ba6a47N19af9c97.jpg', 'img/product/lg/57ba6a47N19af9c97.jpg'),
(141, 22, 'img/product/sm/5913f8ffN49fa143c.jpg', 'img/product/md/5913f8ffN49fa143c.jpg', 'img/product/lg/5913f8ffN49fa143c.jpg'),
(142, 22, 'img/product/sm/5913f903Nbffaa4fd.jpg', 'img/product/md/5913f903Nbffaa4fd.jpg', 'img/product/lg/5913f903Nbffaa4fd.jpg'),
(143, 22, 'img/product/sm/5913f907Ncbc65469.jpg', 'img/product/md/5913f907Ncbc65469.jpg', 'img/product/lg/5913f907Ncbc65469.jpg'),
(144, 22, 'img/product/sm/5913f90bN1b563f42.jpg', 'img/product/md/5913f90bN1b563f42.jpg', 'img/product/lg/5913f90bN1b563f42.jpg'),
(145, 22, 'img/product/sm/5913f90fN99370675.jpg', 'img/product/md/5913f90fN99370675.jpg', 'img/product/lg/5913f90fN99370675.jpg'),
(148, 23, 'img/product/sm/5913f8ffN49fa143c.jpg', 'img/product/md/5913f8ffN49fa143c.jpg', 'img/product/lg/5913f8ffN49fa143c.jpg'),
(149, 23, 'img/product/sm/5913f903Nbffaa4fd.jpg', 'img/product/md/5913f903Nbffaa4fd.jpg', 'img/product/lg/5913f903Nbffaa4fd.jpg'),
(150, 23, 'img/product/sm/5913f907Ncbc65469.jpg', 'img/product/md/5913f907Ncbc65469.jpg', 'img/product/lg/5913f907Ncbc65469.jpg'),
(151, 23, 'img/product/sm/5913f90bN1b563f42.jpg', 'img/product/md/5913f90bN1b563f42.jpg', 'img/product/lg/5913f90bN1b563f42.jpg'),
(152, 23, 'img/product/sm/5913f90fN99370675.jpg', 'img/product/md/5913f90fN99370675.jpg', 'img/product/lg/5913f90fN99370675.jpg'),
(155, 24, 'img/product/sm/5913f8ffN49fa143c.jpg', 'img/product/md/5913f8ffN49fa143c.jpg', 'img/product/lg/5913f8ffN49fa143c.jpg'),
(156, 24, 'img/product/sm/5913f903Nbffaa4fd.jpg', 'img/product/md/5913f903Nbffaa4fd.jpg', 'img/product/lg/5913f903Nbffaa4fd.jpg'),
(157, 24, 'img/product/sm/5913f907Ncbc65469.jpg', 'img/product/md/5913f907Ncbc65469.jpg', 'img/product/lg/5913f907Ncbc65469.jpg'),
(158, 24, 'img/product/sm/5913f90bN1b563f42.jpg', 'img/product/md/5913f90bN1b563f42.jpg', 'img/product/lg/5913f90bN1b563f42.jpg'),
(159, 24, 'img/product/sm/5913f90fN99370675.jpg', 'img/product/md/5913f90fN99370675.jpg', 'img/product/lg/5913f90fN99370675.jpg'),
(162, 25, 'img/product/sm/5913f8ffN49fa143c.jpg', 'img/product/md/5913f8ffN49fa143c.jpg', 'img/product/lg/5913f8ffN49fa143c.jpg'),
(163, 25, 'img/product/sm/5913f903Nbffaa4fd.jpg', 'img/product/md/5913f903Nbffaa4fd.jpg', 'img/product/lg/5913f903Nbffaa4fd.jpg'),
(164, 25, 'img/product/sm/5913f907Ncbc65469.jpg', 'img/product/md/5913f907Ncbc65469.jpg', 'img/product/lg/5913f907Ncbc65469.jpg'),
(165, 25, 'img/product/sm/5913f90bN1b563f42.jpg', 'img/product/md/5913f90bN1b563f42.jpg', 'img/product/lg/5913f90bN1b563f42.jpg'),
(166, 25, 'img/product/sm/5913f90fN99370675.jpg', 'img/product/md/5913f90fN99370675.jpg', 'img/product/lg/5913f90fN99370675.jpg'),
(169, 26, 'img/product/sm/5913f8ffN49fa143c.jpg', 'img/product/md/5913f8ffN49fa143c.jpg', 'img/product/lg/5913f8ffN49fa143c.jpg'),
(170, 26, 'img/product/sm/5913f903Nbffaa4fd.jpg', 'img/product/md/5913f903Nbffaa4fd.jpg', 'img/product/lg/5913f903Nbffaa4fd.jpg'),
(171, 26, 'img/product/sm/5913f907Ncbc65469.jpg', 'img/product/md/5913f907Ncbc65469.jpg', 'img/product/lg/5913f907Ncbc65469.jpg'),
(172, 26, 'img/product/sm/5913f90bN1b563f42.jpg', 'img/product/md/5913f90bN1b563f42.jpg', 'img/product/lg/5913f90bN1b563f42.jpg'),
(173, 26, 'img/product/sm/5913f90fN99370675.jpg', 'img/product/md/5913f90fN99370675.jpg', 'img/product/lg/5913f90fN99370675.jpg'),
(176, 27, 'img/product/sm/5913f8ffN49fa143c.jpg', 'img/product/md/5913f8ffN49fa143c.jpg', 'img/product/lg/5913f8ffN49fa143c.jpg'),
(177, 27, 'img/product/sm/5913f903Nbffaa4fd.jpg', 'img/product/md/5913f903Nbffaa4fd.jpg', 'img/product/lg/5913f903Nbffaa4fd.jpg'),
(178, 27, 'img/product/sm/5913f907Ncbc65469.jpg', 'img/product/md/5913f907Ncbc65469.jpg', 'img/product/lg/5913f907Ncbc65469.jpg'),
(179, 27, 'img/product/sm/5913f90bN1b563f42.jpg', 'img/product/md/5913f90bN1b563f42.jpg', 'img/product/lg/5913f90bN1b563f42.jpg'),
(180, 27, 'img/product/sm/5913f90fN99370675.jpg', 'img/product/md/5913f90fN99370675.jpg', 'img/product/lg/5913f90fN99370675.jpg'),
(181, 27, 'img/product/sm/5913f93bNe4d2b3e5.jpg', 'img/product/md/5913f93bNe4d2b3e5.jpg', 'img/product/lg/5913f93bNe4d2b3e5.jpg'),
(183, 28, 'img/product/sm/584b5678Nbc9f1e70.jpg', 'img/product/md/584b5678Nbc9f1e70.jpg', 'img/product/lg/584b5678Nbc9f1e70.jpg'),
(184, 28, 'img/product/sm/584b567dNd9c58341.jpg', 'img/product/md/584b567dNd9c58341.jpg', 'img/product/lg/584b567dNd9c58341.jpg'),
(185, 28, 'img/product/sm/5819a0ebNefd901bc.jpg', 'img/product/md/5819a0ebNefd901bc.jpg', 'img/product/lg/5819a0ebNefd901bc.jpg'),
(186, 28, 'img/product/sm/5819a106Necf0abb8.jpg', 'img/product/md/5819a106Necf0abb8.jpg', 'img/product/lg/5819a106Necf0abb8.jpg'),
(187, 28, 'img/product/sm/5819a10bN2ea5c8e0.jpg', 'img/product/md/5819a10bN2ea5c8e0.jpg', 'img/product/lg/5819a10bN2ea5c8e0.jpg'),
(188, 28, 'img/product/sm/5819a10fNd0f96a03.jpg', 'img/product/md/5819a10fNd0f96a03.jpg', 'img/product/lg/5819a10fNd0f96a03.jpg'),
(191, 29, 'img/product/sm/584b5678Nbc9f1e70.jpg', 'img/product/md/584b5678Nbc9f1e70.jpg', 'img/product/lg/584b5678Nbc9f1e70.jpg'),
(192, 29, 'img/product/sm/584b567dNd9c58341.jpg', 'img/product/md/584b567dNd9c58341.jpg', 'img/product/lg/584b567dNd9c58341.jpg'),
(193, 29, 'img/product/sm/5819a0ebNefd901bc.jpg', 'img/product/md/5819a0ebNefd901bc.jpg', 'img/product/lg/5819a0ebNefd901bc.jpg'),
(194, 29, 'img/product/sm/5819a106Necf0abb8.jpg', 'img/product/md/5819a106Necf0abb8.jpg', 'img/product/lg/5819a106Necf0abb8.jpg'),
(195, 29, 'img/product/sm/5819a10bN2ea5c8e0.jpg', 'img/product/md/5819a10bN2ea5c8e0.jpg', 'img/product/lg/5819a10bN2ea5c8e0.jpg'),
(199, 30, 'img/product/sm/584b5678Nbc9f1e70.jpg', 'img/product/md/584b5678Nbc9f1e70.jpg', 'img/product/lg/584b5678Nbc9f1e70.jpg'),
(200, 30, 'img/product/sm/584b567dNd9c58341.jpg', 'img/product/md/584b567dNd9c58341.jpg', 'img/product/lg/584b567dNd9c58341.jpg'),
(201, 30, 'img/product/sm/5819a0ebNefd901bc.jpg', 'img/product/md/5819a0ebNefd901bc.jpg', 'img/product/lg/5819a0ebNefd901bc.jpg'),
(202, 30, 'img/product/sm/5819a106Necf0abb8.jpg', 'img/product/md/5819a106Necf0abb8.jpg', 'img/product/lg/5819a106Necf0abb8.jpg'),
(203, 30, 'img/product/sm/5819a10bN2ea5c8e0.jpg', 'img/product/md/5819a10bN2ea5c8e0.jpg', 'img/product/lg/5819a10bN2ea5c8e0.jpg'),
(206, 30, 'img/product/sm/5819a133N03021b26.jpg', 'img/product/md/5819a133N03021b26.jpg', 'img/product/lg/5819a133N03021b26.jpg'),
(207, 31, 'img/product/sm/584b5678Nbc9f1e70.jpg', 'img/product/md/584b5678Nbc9f1e70.jpg', 'img/product/lg/584b5678Nbc9f1e70.jpg'),
(208, 31, 'img/product/sm/584b567dNd9c58341.jpg', 'img/product/md/584b567dNd9c58341.jpg', 'img/product/lg/584b567dNd9c58341.jpg'),
(209, 31, 'img/product/sm/5819a0ebNefd901bc.jpg', 'img/product/md/5819a0ebNefd901bc.jpg', 'img/product/lg/5819a0ebNefd901bc.jpg'),
(210, 31, 'img/product/sm/5819a106Necf0abb8.jpg', 'img/product/md/5819a106Necf0abb8.jpg', 'img/product/lg/5819a106Necf0abb8.jpg'),
(211, 31, 'img/product/sm/5819a10bN2ea5c8e0.jpg', 'img/product/md/5819a10bN2ea5c8e0.jpg', 'img/product/lg/5819a10bN2ea5c8e0.jpg'),
(215, 32, 'img/product/sm/584b5678Nbc9f1e70.jpg', 'img/product/md/584b5678Nbc9f1e70.jpg', 'img/product/lg/584b5678Nbc9f1e70.jpg'),
(216, 32, 'img/product/sm/584b567dNd9c58341.jpg', 'img/product/md/584b567dNd9c58341.jpg', 'img/product/lg/584b567dNd9c58341.jpg'),
(217, 32, 'img/product/sm/5819a0ebNefd901bc.jpg', 'img/product/md/5819a0ebNefd901bc.jpg', 'img/product/lg/5819a0ebNefd901bc.jpg'),
(218, 32, 'img/product/sm/5819a106Necf0abb8.jpg', 'img/product/md/5819a106Necf0abb8.jpg', 'img/product/lg/5819a106Necf0abb8.jpg'),
(222, 32, 'img/product/sm/5819a133N03021b26.jpg', 'img/product/md/5819a133N03021b26.jpg', 'img/product/lg/5819a133N03021b26.jpg'),
(223, 33, 'img/product/sm/58985861N615a3581.jpg', 'img/product/md/58985861N615a3581.jpg', 'img/product/lg/58985861N615a3581.jpg'),
(224, 33, 'img/product/sm/58985867Nf8909d49.jpg', 'img/product/md/58985867Nf8909d49.jpg', 'img/product/lg/58985867Nf8909d49.jpg'),
(225, 33, 'img/product/sm/5898586cNe235284b.jpg', 'img/product/md/5898586cNe235284b.jpg', 'img/product/lg/5898586cNe235284b.jpg'),
(226, 33, 'img/product/sm/58985881N0a78dea2.jpg', 'img/product/md/58985881N0a78dea2.jpg', 'img/product/lg/58985881N0a78dea2.jpg'),
(227, 33, 'img/product/sm/58985883Nd4aec745.jpg', 'img/product/md/58985883Nd4aec745.jpg', 'img/product/lg/58985883Nd4aec745.jpg'),
(230, 34, 'img/product/sm/58985861N615a3581.jpg', 'img/product/md/58985861N615a3581.jpg', 'img/product/lg/58985861N615a3581.jpg'),
(231, 34, 'img/product/sm/58985867Nf8909d49.jpg', 'img/product/md/58985867Nf8909d49.jpg', 'img/product/lg/58985867Nf8909d49.jpg'),
(232, 34, 'img/product/sm/5898586cNe235284b.jpg', 'img/product/md/5898586cNe235284b.jpg', 'img/product/lg/5898586cNe235284b.jpg'),
(233, 34, 'img/product/sm/58985881N0a78dea2.jpg', 'img/product/md/58985881N0a78dea2.jpg', 'img/product/lg/58985881N0a78dea2.jpg'),
(236, 34, 'img/product/sm/5836b981Nd60fd02a.jpg', 'img/product/md/5836b981Nd60fd02a.jpg', 'img/product/lg/5836b981Nd60fd02a.jpg'),
(237, 35, 'img/product/sm/58985861N615a3581.jpg', 'img/product/md/58985861N615a3581.jpg', 'img/product/lg/58985861N615a3581.jpg'),
(238, 35, 'img/product/sm/58985867Nf8909d49.jpg', 'img/product/md/58985867Nf8909d49.jpg', 'img/product/lg/58985867Nf8909d49.jpg'),
(239, 35, 'img/product/sm/5898586cNe235284b.jpg', 'img/product/md/5898586cNe235284b.jpg', 'img/product/lg/5898586cNe235284b.jpg'),
(240, 35, 'img/product/sm/58985881N0a78dea2.jpg', 'img/product/md/58985881N0a78dea2.jpg', 'img/product/lg/58985881N0a78dea2.jpg'),
(241, 35, 'img/product/sm/58985883Nd4aec745.jpg', 'img/product/md/58985883Nd4aec745.jpg', 'img/product/lg/58985883Nd4aec745.jpg'),
(244, 36, 'img/product/sm/58985861N615a3581.jpg', 'img/product/md/58985861N615a3581.jpg', 'img/product/lg/58985861N615a3581.jpg'),
(245, 36, 'img/product/sm/58985867Nf8909d49.jpg', 'img/product/md/58985867Nf8909d49.jpg', 'img/product/lg/58985867Nf8909d49.jpg'),
(246, 36, 'img/product/sm/5898586cNe235284b.jpg', 'img/product/md/5898586cNe235284b.jpg', 'img/product/lg/5898586cNe235284b.jpg'),
(247, 36, 'img/product/sm/58985881N0a78dea2.jpg', 'img/product/md/58985881N0a78dea2.jpg', 'img/product/lg/58985881N0a78dea2.jpg'),
(248, 36, 'img/product/sm/58985883Nd4aec745.jpg', 'img/product/md/58985883Nd4aec745.jpg', 'img/product/lg/58985883Nd4aec745.jpg'),
(251, 37, 'img/product/sm/58985861N615a3581.jpg', 'img/product/md/58985861N615a3581.jpg', 'img/product/lg/58985861N615a3581.jpg'),
(252, 37, 'img/product/sm/58985867Nf8909d49.jpg', 'img/product/md/58985867Nf8909d49.jpg', 'img/product/lg/58985867Nf8909d49.jpg'),
(253, 37, 'img/product/sm/5898586cNe235284b.jpg', 'img/product/md/5898586cNe235284b.jpg', 'img/product/lg/5898586cNe235284b.jpg'),
(254, 37, 'img/product/sm/58985881N0a78dea2.jpg', 'img/product/md/58985881N0a78dea2.jpg', 'img/product/lg/58985881N0a78dea2.jpg'),
(255, 37, 'img/product/sm/58985883Nd4aec745.jpg', 'img/product/md/58985883Nd4aec745.jpg', 'img/product/lg/58985883Nd4aec745.jpg'),
(258, 38, 'img/product/sm/58a2c667Ne2b5cb73.jpg', 'img/product/md/58a2c667Ne2b5cb73.jpg', 'img/product/lg/58a2c667Ne2b5cb73.jpg'),
(259, 38, 'img/product/sm/58a2c668N800be261.jpg', 'img/product/md/58a2c668N800be261.jpg', 'img/product/lg/58a2c668N800be261.jpg'),
(260, 38, 'img/product/sm/58a2c668N0159a26f.jpg', 'img/product/md/58a2c668N0159a26f.jpg', 'img/product/lg/58a2c668N0159a26f.jpg'),
(261, 38, 'img/product/sm/58a2c669Nf884ac31.jpg', 'img/product/md/58a2c669Nf884ac31.jpg', 'img/product/lg/58a2c669Nf884ac31.jpg'),
(265, 38, 'img/product/sm/58a2c66aNcd10ee32.jpg', 'img/product/md/58a2c66aNcd10ee32.jpg', 'img/product/lg/58a2c66aNcd10ee32.jpg'),
(266, 39, 'img/product/sm/58a2c667Ne2b5cb73.jpg', 'img/product/md/58a2c667Ne2b5cb73.jpg', 'img/product/lg/58a2c667Ne2b5cb73.jpg'),
(267, 39, 'img/product/sm/58a2c668N800be261.jpg', 'img/product/md/58a2c668N800be261.jpg', 'img/product/lg/58a2c668N800be261.jpg'),
(268, 39, 'img/product/sm/58a2c668N0159a26f.jpg', 'img/product/md/58a2c668N0159a26f.jpg', 'img/product/lg/58a2c668N0159a26f.jpg'),
(269, 39, 'img/product/sm/58a2c669Nf884ac31.jpg', 'img/product/md/58a2c669Nf884ac31.jpg', 'img/product/lg/58a2c669Nf884ac31.jpg'),
(270, 39, 'img/product/sm/58a2c668N7293a0d1.jpg', 'img/product/md/58a2c668N7293a0d1.jpg', 'img/product/lg/58a2c668N7293a0d1.jpg'),
(274, 40, 'img/product/sm/58a2c667Ne2b5cb73.jpg', 'img/product/md/58a2c667Ne2b5cb73.jpg', 'img/product/lg/58a2c667Ne2b5cb73.jpg'),
(275, 40, 'img/product/sm/58a2c668N800be261.jpg', 'img/product/md/58a2c668N800be261.jpg', 'img/product/lg/58a2c668N800be261.jpg'),
(276, 40, 'img/product/sm/58a2c668N0159a26f.jpg', 'img/product/md/58a2c668N0159a26f.jpg', 'img/product/lg/58a2c668N0159a26f.jpg'),
(277, 40, 'img/product/sm/58a2c669Nf884ac31.jpg', 'img/product/md/58a2c669Nf884ac31.jpg', 'img/product/lg/58a2c669Nf884ac31.jpg'),
(278, 40, 'img/product/sm/58a2c668N7293a0d1.jpg', 'img/product/md/58a2c668N7293a0d1.jpg', 'img/product/lg/58a2c668N7293a0d1.jpg'),
(282, 41, 'img/product/sm/58a2c667Ne2b5cb73.jpg', 'img/product/md/58a2c667Ne2b5cb73.jpg', 'img/product/lg/58a2c667Ne2b5cb73.jpg'),
(283, 41, 'img/product/sm/58a2c668N800be261.jpg', 'img/product/md/58a2c668N800be261.jpg', 'img/product/lg/58a2c668N800be261.jpg'),
(284, 41, 'img/product/sm/58a2c668N0159a26f.jpg', 'img/product/md/58a2c668N0159a26f.jpg', 'img/product/lg/58a2c668N0159a26f.jpg'),
(285, 41, 'img/product/sm/58a2c669Nf884ac31.jpg', 'img/product/md/58a2c669Nf884ac31.jpg', 'img/product/lg/58a2c669Nf884ac31.jpg'),
(286, 41, 'img/product/sm/58a2c668N7293a0d1.jpg', 'img/product/md/58a2c668N7293a0d1.jpg', 'img/product/lg/58a2c668N7293a0d1.jpg'),
(289, 41, 'img/product/sm/58a2c66aNcd10ee32.jpg', 'img/product/md/58a2c66aNcd10ee32.jpg', 'img/product/lg/58a2c66aNcd10ee32.jpg'),
(290, 42, 'img/product/sm/58a2c667Ne2b5cb73.jpg', 'img/product/md/58a2c667Ne2b5cb73.jpg', 'img/product/lg/58a2c667Ne2b5cb73.jpg'),
(291, 42, 'img/product/sm/58a2c668N800be261.jpg', 'img/product/md/58a2c668N800be261.jpg', 'img/product/lg/58a2c668N800be261.jpg'),
(292, 42, 'img/product/sm/58a2c668N0159a26f.jpg', 'img/product/md/58a2c668N0159a26f.jpg', 'img/product/lg/58a2c668N0159a26f.jpg'),
(293, 42, 'img/product/sm/58a2c669Nf884ac31.jpg', 'img/product/md/58a2c669Nf884ac31.jpg', 'img/product/lg/58a2c669Nf884ac31.jpg'),
(294, 42, 'img/product/sm/58a2c668N7293a0d1.jpg', 'img/product/md/58a2c668N7293a0d1.jpg', 'img/product/lg/58a2c668N7293a0d1.jpg'),
(295, 42, 'img/product/sm/58a2c669N4f92f8cb.jpg', 'img/product/md/58a2c669N4f92f8cb.jpg', 'img/product/lg/58a2c669N4f92f8cb.jpg'),
(298, 43, 'img/product/sm/58a2c667Ne2b5cb73.jpg', 'img/product/md/58a2c667Ne2b5cb73.jpg', 'img/product/lg/58a2c667Ne2b5cb73.jpg'),
(299, 43, 'img/product/sm/58a2c668N800be261.jpg', 'img/product/md/58a2c668N800be261.jpg', 'img/product/lg/58a2c668N800be261.jpg'),
(300, 43, 'img/product/sm/58a2c668N0159a26f.jpg', 'img/product/md/58a2c668N0159a26f.jpg', 'img/product/lg/58a2c668N0159a26f.jpg'),
(301, 43, 'img/product/sm/58a2c669Nf884ac31.jpg', 'img/product/md/58a2c669Nf884ac31.jpg', 'img/product/lg/58a2c669Nf884ac31.jpg'),
(302, 43, 'img/product/sm/58a2c668N7293a0d1.jpg', 'img/product/md/58a2c668N7293a0d1.jpg', 'img/product/lg/58a2c668N7293a0d1.jpg'),
(303, 43, 'img/product/sm/58a2c669N4f92f8cb.jpg', 'img/product/md/58a2c669N4f92f8cb.jpg', 'img/product/lg/58a2c669N4f92f8cb.jpg');

-- --------------------------------------------------------

--
-- 表的结构 `ca_order`
--

CREATE TABLE `ca_order` (
  `oid` int(11) NOT NULL,
  `uid` int(11) DEFAULT NULL,
  `aid` int(11) DEFAULT NULL,
  `status` int(11) DEFAULT NULL,
  `order_time` bigint(20) DEFAULT NULL,
  `pay_time` bigint(20) DEFAULT NULL,
  `deliver_time` bigint(20) DEFAULT NULL,
  `received_time` bigint(20) DEFAULT NULL
) ENGINE=InnoDB DEFAULT CHARSET=utf8;

-- --------------------------------------------------------

--
-- 表的结构 `ca_order_detail`
--

CREATE TABLE `ca_order_detail` (
  `did` int(11) NOT NULL,
  `oid` int(11) DEFAULT NULL,
  `lid` int(11) DEFAULT NULL,
  `count` int(11) DEFAULT NULL
) ENGINE=InnoDB DEFAULT CHARSET=utf8;

-- --------------------------------------------------------

--
-- 表的结构 `ca_receiver_address`
--

CREATE TABLE `ca_receiver_address` (
  `aid` int(11) NOT NULL,
  `uid` int(11) DEFAULT NULL,
  `receiver` varchar(16) DEFAULT NULL,
  `province` varchar(16) DEFAULT NULL,
  `city` varchar(16) DEFAULT NULL,
  `county` varchar(16) DEFAULT NULL,
  `address` varchar(128) DEFAULT NULL,
  `cellphone` varchar(16) DEFAULT NULL,
  `fixedphone` varchar(16) DEFAULT NULL,
  `postcode` char(6) DEFAULT NULL,
  `tag` varchar(16) DEFAULT NULL,
  `is_default` tinyint(1) DEFAULT NULL
) ENGINE=InnoDB DEFAULT CHARSET=utf8;

-- --------------------------------------------------------

--
-- 表的结构 `ca_shoppingcart_item`
--

CREATE TABLE `ca_shoppingcart_item` (
  `iid` int(11) NOT NULL,
  `user_id` int(11) DEFAULT NULL,
  `product_id` int(11) DEFAULT NULL,
  `count` int(11) DEFAULT NULL,
  `is_checked` tinyint(1) DEFAULT NULL
) ENGINE=InnoDB DEFAULT CHARSET=utf8;

--
-- 转存表中的数据 `ca_shoppingcart_item`
--

INSERT INTO `ca_shoppingcart_item` (`iid`, `user_id`, `product_id`, `count`, `is_checked`) VALUES
(2, 5, 2, 1, 1),
(3, 5, 2, 1, 1),
(4, 5, 2, 1, 1),
(5, 5, 2, 1, 1),
(6, 5, 2, 1, 1),
(7, 5, 1, 1, 1),
(8, 5, 3, 1, 1),
(9, 5, 8, 2, 1);

-- --------------------------------------------------------

--
-- 表的结构 `ca_user`
--

CREATE TABLE `ca_user` (
  `uid` int(11) NOT NULL,
  `uname` varchar(32) DEFAULT NULL,
  `upwd` varchar(32) DEFAULT NULL,
  `email` varchar(64) DEFAULT NULL,
  `phone` varchar(16) DEFAULT NULL,
  `avatar` varchar(128) DEFAULT NULL,
  `user_name` varchar(32) DEFAULT NULL,
  `gender` int(11) DEFAULT NULL
) ENGINE=InnoDB DEFAULT CHARSET=utf8;

--
-- 转存表中的数据 `ca_user`
--

INSERT INTO `ca_user` (`uid`, `uname`, `upwd`, `email`, `phone`, `avatar`, `user_name`, `gender`) VALUES
(5, 'dingding', 'e10adc3949ba59abbe56e057f20f883e', NULL, '13123456789', NULL, NULL, NULL),
(6, 'zhong123', 'e10adc3949ba59abbe56e057f20f883e', NULL, '13511254541', NULL, NULL, NULL);

-- --------------------------------------------------------

--
-- 表的结构 `ca_xiangqingye_carousel`
--

CREATE TABLE `ca_xiangqingye_carousel` (
  `cid` int(11) NOT NULL,
  `img` varchar(128) DEFAULT NULL,
  `title` varchar(64) DEFAULT NULL,
  `href` varchar(128) DEFAULT NULL
) ENGINE=InnoDB DEFAULT CHARSET=utf8;

--
-- 转存表中的数据 `ca_xiangqingye_carousel`
--

INSERT INTO `ca_xiangqingye_carousel` (`cid`, `img`, `title`, `href`) VALUES
(1, 'lunbo_img/5.jpg', '轮播广告商品1', 'product-details.html?lid=28'),
(2, 'lunbo_img/6.jpg', '轮播广告商品2', 'product-details.html?lid=19'),
(3, 'lunbo_img/7.jpg', '轮播广告商品3', 'lookforward.html'),
(4, 'lunbo_img/8.jpg', '轮播广告商品4', 'lookforward.html');

--
-- Indexes for dumped tables
--

--
-- Indexes for table `ca_index_carousel`
--
ALTER TABLE `ca_index_carousel`
  ADD PRIMARY KEY (`cid`);

--
-- Indexes for table `ca_index_product`
--
ALTER TABLE `ca_index_product`
  ADD PRIMARY KEY (`pid`);

--
-- Indexes for table `ca_laptop`
--
ALTER TABLE `ca_laptop`
  ADD PRIMARY KEY (`lid`);

--
-- Indexes for table `ca_laptop_family`
--
ALTER TABLE `ca_laptop_family`
  ADD PRIMARY KEY (`fid`);

--
-- Indexes for table `ca_laptop_pic`
--
ALTER TABLE `ca_laptop_pic`
  ADD PRIMARY KEY (`pid`);

--
-- Indexes for table `ca_order`
--
ALTER TABLE `ca_order`
  ADD PRIMARY KEY (`oid`);

--
-- Indexes for table `ca_order_detail`
--
ALTER TABLE `ca_order_detail`
  ADD PRIMARY KEY (`did`);

--
-- Indexes for table `ca_receiver_address`
--
ALTER TABLE `ca_receiver_address`
  ADD PRIMARY KEY (`aid`);

--
-- Indexes for table `ca_shoppingcart_item`
--
ALTER TABLE `ca_shoppingcart_item`
  ADD PRIMARY KEY (`iid`);

--
-- Indexes for table `ca_user`
--
ALTER TABLE `ca_user`
  ADD PRIMARY KEY (`uid`);

--
-- Indexes for table `ca_xiangqingye_carousel`
--
ALTER TABLE `ca_xiangqingye_carousel`
  ADD PRIMARY KEY (`cid`);

--
-- 在导出的表使用AUTO_INCREMENT
--

--
-- 使用表AUTO_INCREMENT `ca_index_carousel`
--
ALTER TABLE `ca_index_carousel`
  MODIFY `cid` int(11) NOT NULL AUTO_INCREMENT, AUTO_INCREMENT=5;
--
-- 使用表AUTO_INCREMENT `ca_index_product`
--
ALTER TABLE `ca_index_product`
  MODIFY `pid` int(11) NOT NULL AUTO_INCREMENT, AUTO_INCREMENT=8;
--
-- 使用表AUTO_INCREMENT `ca_laptop`
--
ALTER TABLE `ca_laptop`
  MODIFY `lid` int(11) NOT NULL AUTO_INCREMENT, AUTO_INCREMENT=44;
--
-- 使用表AUTO_INCREMENT `ca_laptop_family`
--
ALTER TABLE `ca_laptop_family`
  MODIFY `fid` int(11) NOT NULL AUTO_INCREMENT, AUTO_INCREMENT=11;
--
-- 使用表AUTO_INCREMENT `ca_laptop_pic`
--
ALTER TABLE `ca_laptop_pic`
  MODIFY `pid` int(11) NOT NULL AUTO_INCREMENT, AUTO_INCREMENT=304;
--
-- 使用表AUTO_INCREMENT `ca_order`
--
ALTER TABLE `ca_order`
  MODIFY `oid` int(11) NOT NULL AUTO_INCREMENT;
--
-- 使用表AUTO_INCREMENT `ca_order_detail`
--
ALTER TABLE `ca_order_detail`
  MODIFY `did` int(11) NOT NULL AUTO_INCREMENT;
--
-- 使用表AUTO_INCREMENT `ca_receiver_address`
--
ALTER TABLE `ca_receiver_address`
  MODIFY `aid` int(11) NOT NULL AUTO_INCREMENT;
--
-- 使用表AUTO_INCREMENT `ca_shoppingcart_item`
--
ALTER TABLE `ca_shoppingcart_item`
  MODIFY `iid` int(11) NOT NULL AUTO_INCREMENT, AUTO_INCREMENT=10;
--
-- 使用表AUTO_INCREMENT `ca_user`
--
ALTER TABLE `ca_user`
  MODIFY `uid` int(11) NOT NULL AUTO_INCREMENT, AUTO_INCREMENT=7;
--
-- 使用表AUTO_INCREMENT `ca_xiangqingye_carousel`
--
ALTER TABLE `ca_xiangqingye_carousel`
  MODIFY `cid` int(11) NOT NULL AUTO_INCREMENT, AUTO_INCREMENT=5;
/*!40101 SET CHARACTER_SET_CLIENT=@OLD_CHARACTER_SET_CLIENT */;
/*!40101 SET CHARACTER_SET_RESULTS=@OLD_CHARACTER_SET_RESULTS */;
/*!40101 SET COLLATION_CONNECTION=@OLD_COLLATION_CONNECTION */;
